"ProjectFolder","FilePath","FileName","FileType","Content"
"Debug","C:\Users\Amjad\source\repos\DentalClinic\AuthService.API\bin\Debug\net10.0\appsettings.Development.json","appsettings.Development.json",".json","{
  ""Logging"": {
    ""LogLevel"": {
      ""Default"": ""Information"",
      ""Microsoft.AspNetCore"": ""Warning""
    }
  }
}
"
"Debug","C:\Users\Amjad\source\repos\DentalClinic\AuthService.API\bin\Debug\net10.0\appsettings.json","appsettings.json",".json","{
  ""Logging"": {
    ""LogLevel"": {
      ""Default"": ""Information"",
      ""Microsoft.AspNetCore"": ""Warning""
    }
  },
  ""AllowedHosts"": ""*"",

  ""Jwt"": {
    ""Key"": ""this_is_my_super_secret_key_12345"",
    ""Issuer"": ""DentalClinicAuth"",
    ""Audience"": ""DentalClinicServices""
  },

  ""ConnectionStrings"": {
    ""AuthDb"": ""Data Source=AuthService.db""
  }
}
"
"AuthService.API","C:\Users\Amjad\source\repos\DentalClinic\AuthService.API\Controllers\LoginController.cs","LoginController.cs",".cs","using AuthService.API.Services;
using Microsoft.AspNetCore.Mvc;
using Microsoft.IdentityModel.Tokens;
using System.Text;
using System.IdentityModel.Tokens.Jwt;
using System.Security.Claims;

namespace AuthService.API.Controllers;

[ApiController]
[Route(""auth"")]
public class LoginController : ControllerBase
{
    private readonly IConfiguration _config;
    private readonly UserService _userService;

    public LoginController(IConfiguration config, UserService userService)
    {
        _config = config;
        _userService = userService;
    }

    [HttpPost(""login"")]
    public async Task<IActionResult> Login([FromBody] LoginRequest request)
    {
        // نعتبر أن Username = Email
        var user = await _userService.ValidateUserAsync(request.Username, request.Password);

        if (user is null)
            return Unauthorized(""Invalid credentials"");

        var key = Encoding.UTF8.GetBytes(_config[""Jwt:Key""]);
        var creds = new SigningCredentials(new SymmetricSecurityKey(key), SecurityAlgorithms.HmacSha256);

        var claims = new[]
        {
            new Claim(ClaimTypes.NameIdentifier, user.Id.ToString()),
            new Claim(ClaimTypes.Name, user.FullName),
            new Claim(ClaimTypes.Email, user.Email),

            // 🔹 مهم: نأخذ الدور من قاعدة البيانات، وليس ثابت ""Patient""
            new Claim(ClaimTypes.Role, user.Role ?? ""Patient"")
        };

        var token = new JwtSecurityToken(
            issuer: _config[""Jwt:Issuer""],
            audience: _config[""Jwt:Audience""],
            claims: claims,
            expires: DateTime.UtcNow.AddHours(2),
            signingCredentials: creds
        );

        var tokenString = new JwtSecurityTokenHandler().WriteToken(token);

        // 🔹 نرجّع أيضاً الدور في الـ JSON (لو حبينا نستخدمه لاحقاً في الـ CMS)
        return Ok(new
        {
            token = tokenString,
            role = user.Role
        });
    }
}

public record LoginRequest(string Username, string Password);
"
"AuthService.API","C:\Users\Amjad\source\repos\DentalClinic\AuthService.API\Controllers\RegisterController.cs","RegisterController.cs",".cs","using AuthService.API.Services;
using Microsoft.AspNetCore.Mvc;

namespace AuthService.API.Controllers
{
    [ApiController]
    [Route(""auth"")]
    public class RegisterController : ControllerBase
    {
        private readonly UserService _users;

        public RegisterController(UserService users)
        {
            _users = users;
        }

        [HttpPost(""register"")]
        public async Task<IActionResult> Register([FromBody] RegisterRequest req)
        {
            // تحقق بسيط جداً هنا (optional)
            if (string.IsNullOrWhiteSpace(req.FullName) ||
                string.IsNullOrWhiteSpace(req.Email) ||
                string.IsNullOrWhiteSpace(req.Password))
            {
                return BadRequest(""Missing fields."");
            }

            var ok = await _users.RegisterUserAsync(req.FullName, req.Email, req.Password);

            if (!ok)
                return Conflict(""Email already exists"");

            return Ok(new { message = ""User registered"" });
        }
    }

    public record RegisterRequest(string FullName, string Email, string Password);
}
"
"AuthService.API","C:\Users\Amjad\source\repos\DentalClinic\AuthService.API\Data\AuthDbContext.cs","AuthDbContext.cs",".cs","using Microsoft.EntityFrameworkCore;
using System.Collections.Generic;
using System.Reflection.Emit;

namespace AuthService.API.Data
{
    public class AuthDbContext : DbContext
    {
        public AuthDbContext(DbContextOptions<AuthDbContext> options) : base(options) { }

        public DbSet<UserEntity> Users => Set<UserEntity>();

        protected override void OnModelCreating(ModelBuilder modelBuilder)
        {
            modelBuilder.Entity<UserEntity>()
                .HasIndex(u => u.Email)
                .IsUnique();
        }

    }
}
"
"AuthService.API","C:\Users\Amjad\source\repos\DentalClinic\AuthService.API\Data\UserEntity.cs","UserEntity.cs",".cs","namespace AuthService.API.Data
{
    public class UserEntity
    {
        public Guid Id { get; set; } = Guid.NewGuid();
        public string FullName { get; set; }
        public string Email { get; set; }   // unique
        public string PasswordHash { get; set; }

        public string Role { get; set; } = ""Patient"";
    }
}
"
"AuthService.API","C:\Users\Amjad\source\repos\DentalClinic\AuthService.API\Migrations\20251117030721_InitialAuthDb.cs","20251117030721_InitialAuthDb.cs",".cs","using System;
using Microsoft.EntityFrameworkCore.Migrations;

#nullable disable

namespace AuthService.API.Migrations
{
    /// <inheritdoc />
    public partial class InitialAuthDb : Migration
    {
        /// <inheritdoc />
        protected override void Up(MigrationBuilder migrationBuilder)
        {
            migrationBuilder.CreateTable(
                name: ""Users"",
                columns: table => new
                {
                    Id = table.Column<Guid>(type: ""TEXT"", nullable: false),
                    FullName = table.Column<string>(type: ""TEXT"", nullable: false),
                    Email = table.Column<string>(type: ""TEXT"", nullable: false),
                    PasswordHash = table.Column<string>(type: ""TEXT"", nullable: false)
                },
                constraints: table =>
                {
                    table.PrimaryKey(""PK_Users"", x => x.Id);
                });

            migrationBuilder.CreateIndex(
                name: ""IX_Users_Email"",
                table: ""Users"",
                column: ""Email"",
                unique: true);
        }

        /// <inheritdoc />
        protected override void Down(MigrationBuilder migrationBuilder)
        {
            migrationBuilder.DropTable(
                name: ""Users"");
        }
    }
}
"
"AuthService.API","C:\Users\Amjad\source\repos\DentalClinic\AuthService.API\Migrations\20251117030721_InitialAuthDb.Designer.cs","20251117030721_InitialAuthDb.Designer.cs",".cs","// <auto-generated />
using System;
using AuthService.API.Data;
using Microsoft.EntityFrameworkCore;
using Microsoft.EntityFrameworkCore.Infrastructure;
using Microsoft.EntityFrameworkCore.Migrations;
using Microsoft.EntityFrameworkCore.Storage.ValueConversion;

#nullable disable

namespace AuthService.API.Migrations
{
    [DbContext(typeof(AuthDbContext))]
    [Migration(""20251117030721_InitialAuthDb"")]
    partial class InitialAuthDb
    {
        /// <inheritdoc />
        protected override void BuildTargetModel(ModelBuilder modelBuilder)
        {
#pragma warning disable 612, 618
            modelBuilder.HasAnnotation(""ProductVersion"", ""10.0.0"");

            modelBuilder.Entity(""AuthService.API.Data.UserEntity"", b =>
                {
                    b.Property<Guid>(""Id"")
                        .ValueGeneratedOnAdd()
                        .HasColumnType(""TEXT"");

                    b.Property<string>(""Email"")
                        .IsRequired()
                        .HasColumnType(""TEXT"");

                    b.Property<string>(""FullName"")
                        .IsRequired()
                        .HasColumnType(""TEXT"");

                    b.Property<string>(""PasswordHash"")
                        .IsRequired()
                        .HasColumnType(""TEXT"");

                    b.HasKey(""Id"");

                    b.HasIndex(""Email"")
                        .IsUnique();

                    b.ToTable(""Users"");
                });
#pragma warning restore 612, 618
        }
    }
}
"
"AuthService.API","C:\Users\Amjad\source\repos\DentalClinic\AuthService.API\Migrations\20251129000325_AddUserRole.cs","20251129000325_AddUserRole.cs",".cs","using Microsoft.EntityFrameworkCore.Migrations;

#nullable disable

namespace AuthService.API.Migrations
{
    /// <inheritdoc />
    public partial class AddUserRole : Migration
    {
        /// <inheritdoc />
        protected override void Up(MigrationBuilder migrationBuilder)
        {
            migrationBuilder.AddColumn<string>(
                name: ""Role"",
                table: ""Users"",
                type: ""TEXT"",
                nullable: false,
                defaultValue: """");
        }

        /// <inheritdoc />
        protected override void Down(MigrationBuilder migrationBuilder)
        {
            migrationBuilder.DropColumn(
                name: ""Role"",
                table: ""Users"");
        }
    }
}
"
"AuthService.API","C:\Users\Amjad\source\repos\DentalClinic\AuthService.API\Migrations\20251129000325_AddUserRole.Designer.cs","20251129000325_AddUserRole.Designer.cs",".cs","// <auto-generated />
using System;
using AuthService.API.Data;
using Microsoft.EntityFrameworkCore;
using Microsoft.EntityFrameworkCore.Infrastructure;
using Microsoft.EntityFrameworkCore.Migrations;
using Microsoft.EntityFrameworkCore.Storage.ValueConversion;

#nullable disable

namespace AuthService.API.Migrations
{
    [DbContext(typeof(AuthDbContext))]
    [Migration(""20251129000325_AddUserRole"")]
    partial class AddUserRole
    {
        /// <inheritdoc />
        protected override void BuildTargetModel(ModelBuilder modelBuilder)
        {
#pragma warning disable 612, 618
            modelBuilder.HasAnnotation(""ProductVersion"", ""10.0.0"");

            modelBuilder.Entity(""AuthService.API.Data.UserEntity"", b =>
                {
                    b.Property<Guid>(""Id"")
                        .ValueGeneratedOnAdd()
                        .HasColumnType(""TEXT"");

                    b.Property<string>(""Email"")
                        .IsRequired()
                        .HasColumnType(""TEXT"");

                    b.Property<string>(""FullName"")
                        .IsRequired()
                        .HasColumnType(""TEXT"");

                    b.Property<string>(""PasswordHash"")
                        .IsRequired()
                        .HasColumnType(""TEXT"");

                    b.Property<string>(""Role"")
                        .IsRequired()
                        .HasColumnType(""TEXT"");

                    b.HasKey(""Id"");

                    b.HasIndex(""Email"")
                        .IsUnique();

                    b.ToTable(""Users"");
                });
#pragma warning restore 612, 618
        }
    }
}
"
"AuthService.API","C:\Users\Amjad\source\repos\DentalClinic\AuthService.API\Migrations\AuthDbContextModelSnapshot.cs","AuthDbContextModelSnapshot.cs",".cs","// <auto-generated />
using System;
using AuthService.API.Data;
using Microsoft.EntityFrameworkCore;
using Microsoft.EntityFrameworkCore.Infrastructure;
using Microsoft.EntityFrameworkCore.Storage.ValueConversion;

#nullable disable

namespace AuthService.API.Migrations
{
    [DbContext(typeof(AuthDbContext))]
    partial class AuthDbContextModelSnapshot : ModelSnapshot
    {
        protected override void BuildModel(ModelBuilder modelBuilder)
        {
#pragma warning disable 612, 618
            modelBuilder.HasAnnotation(""ProductVersion"", ""10.0.0"");

            modelBuilder.Entity(""AuthService.API.Data.UserEntity"", b =>
                {
                    b.Property<Guid>(""Id"")
                        .ValueGeneratedOnAdd()
                        .HasColumnType(""TEXT"");

                    b.Property<string>(""Email"")
                        .IsRequired()
                        .HasColumnType(""TEXT"");

                    b.Property<string>(""FullName"")
                        .IsRequired()
                        .HasColumnType(""TEXT"");

                    b.Property<string>(""PasswordHash"")
                        .IsRequired()
                        .HasColumnType(""TEXT"");

                    b.Property<string>(""Role"")
                        .IsRequired()
                        .HasColumnType(""TEXT"");

                    b.HasKey(""Id"");

                    b.HasIndex(""Email"")
                        .IsUnique();

                    b.ToTable(""Users"");
                });
#pragma warning restore 612, 618
        }
    }
}
"
"Debug","C:\Users\Amjad\source\repos\DentalClinic\AuthService.API\obj\Debug\net10.0\.NETCoreApp,Version=v10.0.AssemblyAttributes.cs",".NETCoreApp,Version=v10.0.AssemblyAttributes.cs",".cs","// <autogenerated />
using System;
using System.Reflection;
[assembly: global::System.Runtime.Versioning.TargetFrameworkAttribute("".NETCoreApp,Version=v10.0"", FrameworkDisplayName = "".NET 10.0"")]
"
"Debug","C:\Users\Amjad\source\repos\DentalClinic\AuthService.API\obj\Debug\net10.0\AuthService.API.AssemblyInfo.cs","AuthService.API.AssemblyInfo.cs",".cs","//------------------------------------------------------------------------------
// <auto-generated>
//     This code was generated by a tool.
//     Runtime Version:4.0.30319.42000
//
//     Changes to this file may cause incorrect behavior and will be lost if
//     the code is regenerated.
// </auto-generated>
//------------------------------------------------------------------------------

using System;
using System.Reflection;

[assembly: System.Reflection.AssemblyCompanyAttribute(""AuthService.API"")]
[assembly: System.Reflection.AssemblyConfigurationAttribute(""Debug"")]
[assembly: System.Reflection.AssemblyFileVersionAttribute(""1.0.0.0"")]
[assembly: System.Reflection.AssemblyInformationalVersionAttribute(""1.0.0"")]
[assembly: System.Reflection.AssemblyProductAttribute(""AuthService.API"")]
[assembly: System.Reflection.AssemblyTitleAttribute(""AuthService.API"")]
[assembly: System.Reflection.AssemblyVersionAttribute(""1.0.0.0"")]

// Generated by the MSBuild WriteCodeFragment class.

"
"Debug","C:\Users\Amjad\source\repos\DentalClinic\AuthService.API\obj\Debug\net10.0\AuthService.API.GlobalUsings.g.cs","AuthService.API.GlobalUsings.g.cs",".cs","// <auto-generated/>
global using Microsoft.AspNetCore.Builder;
global using Microsoft.AspNetCore.Hosting;
global using Microsoft.AspNetCore.Http;
global using Microsoft.AspNetCore.Routing;
global using Microsoft.Extensions.Configuration;
global using Microsoft.Extensions.DependencyInjection;
global using Microsoft.Extensions.Hosting;
global using Microsoft.Extensions.Logging;
global using System;
global using System.Collections.Generic;
global using System.IO;
global using System.Linq;
global using System.Net.Http;
global using System.Net.Http.Json;
global using System.Threading;
global using System.Threading.Tasks;
"
"Debug","C:\Users\Amjad\source\repos\DentalClinic\AuthService.API\obj\Debug\net10.0\AuthService.API.MvcApplicationPartsAssemblyInfo.cs","AuthService.API.MvcApplicationPartsAssemblyInfo.cs",".cs","//------------------------------------------------------------------------------
// <auto-generated>
//     This code was generated by a tool.
//     Runtime Version:4.0.30319.42000
//
//     Changes to this file may cause incorrect behavior and will be lost if
//     the code is regenerated.
// </auto-generated>
//------------------------------------------------------------------------------

using System;
using System.Reflection;

[assembly: Microsoft.AspNetCore.Mvc.ApplicationParts.ApplicationPartAttribute(""Microsoft.AspNetCore.OpenApi"")]
[assembly: Microsoft.AspNetCore.Mvc.ApplicationParts.ApplicationPartAttribute(""Swashbuckle.AspNetCore.SwaggerGen"")]

// Generated by the MSBuild WriteCodeFragment class.

"
"AuthService.API","C:\Users\Amjad\source\repos\DentalClinic\AuthService.API\Properties\launchSettings.json","launchSettings.json",".json","{
  ""$schema"": ""https://json.schemastore.org/launchsettings.json"",
  ""profiles"": {
    ""http"": {
      ""commandName"": ""Project"",
      ""dotnetRunMessages"": true,
      ""launchBrowser"": false,
      ""applicationUrl"": ""http://localhost:5070"",
      ""environmentVariables"": {
        ""ASPNETCORE_ENVIRONMENT"": ""Development""
      }
    },
    ""https"": {
      ""commandName"": ""Project"",
      ""dotnetRunMessages"": true,
      ""launchBrowser"": false,
      ""applicationUrl"": ""https://localhost:7003;http://localhost:5070"",
      ""environmentVariables"": {
        ""ASPNETCORE_ENVIRONMENT"": ""Development""
      }
    }
  }
}
"
"AuthService.API","C:\Users\Amjad\source\repos\DentalClinic\AuthService.API\Services\UserService.cs","UserService.cs",".cs","using AuthService.API.Data;
using Microsoft.EntityFrameworkCore;
using System.Security.Cryptography;
using System.Text;

namespace AuthService.API.Services
{
    public class UserService
    {
        private readonly AuthDbContext _db;

        public UserService(AuthDbContext db)
        {
            _db = db;
        }

        public async Task<bool> RegisterUserAsync(string fullName, string email, string password)
        {
            // Check if email exists
            if (await _db.Users.AnyAsync(u => u.Email == email))
                return false;

            var user = new UserEntity
            {
                Id = Guid.NewGuid(),
                FullName = fullName,
                Email = email,
                PasswordHash = HashPassword(password),

                // 🔹 هنا نضبط الدور الافتراضي
                Role = ""Patient""
            };

            _db.Users.Add(user);
            await _db.SaveChangesAsync();

            return true;
        }


        public async Task<UserEntity?> ValidateUserAsync(string email, string password)
        {
            var user = await _db.Users.SingleOrDefaultAsync(u => u.Email == email);
            if (user is null)
                return null;

            var hash = HashPassword(password);
            if (user.PasswordHash != hash)
                return null;

            return user;
        }

        private string HashPassword(string password)
        {
            using var sha = SHA256.Create();
            var bytes = Encoding.UTF8.GetBytes(password);
            return Convert.ToBase64String(sha.ComputeHash(bytes));
        }
    }
}
"
"AuthService.API","C:\Users\Amjad\source\repos\DentalClinic\AuthService.API\appsettings.Development.json","appsettings.Development.json",".json","{
  ""Logging"": {
    ""LogLevel"": {
      ""Default"": ""Information"",
      ""Microsoft.AspNetCore"": ""Warning""
    }
  }
}
"
"AuthService.API","C:\Users\Amjad\source\repos\DentalClinic\AuthService.API\appsettings.json","appsettings.json",".json","{
  ""Logging"": {
    ""LogLevel"": {
      ""Default"": ""Information"",
      ""Microsoft.AspNetCore"": ""Warning""
    }
  },
  ""AllowedHosts"": ""*"",

  ""Jwt"": {
    ""Key"": ""this_is_my_super_secret_key_12345"",
    ""Issuer"": ""DentalClinicAuth"",
    ""Audience"": ""DentalClinicServices""
  },

  ""ConnectionStrings"": {
    ""AuthDb"": ""Data Source=AuthService.db""
  }
}
"
"AuthService.API","C:\Users\Amjad\source\repos\DentalClinic\AuthService.API\AuthService.API.csproj","AuthService.API.csproj",".csproj","<Project Sdk=""Microsoft.NET.Sdk.Web"">

  <PropertyGroup>
    <TargetFramework>net10.0</TargetFramework>
    <Nullable>enable</Nullable>
    <ImplicitUsings>enable</ImplicitUsings>
  </PropertyGroup>

  <ItemGroup>
    <ProjectReference Include=""..\DentalClinic.ServiceDefaults\DentalClinic.ServiceDefaults.csproj"" />
	<PackageReference Include=""Microsoft.AspNetCore.Authentication.JwtBearer"" Version=""10.0.0"" />
	<PackageReference Include=""Microsoft.EntityFrameworkCore"" Version=""10.0.0"" />
	<PackageReference Include=""Microsoft.EntityFrameworkCore.Design"" Version=""10.0.0"">
	  <PrivateAssets>all</PrivateAssets>
	  <IncludeAssets>runtime; build; native; contentfiles; analyzers; buildtransitive</IncludeAssets>
	</PackageReference>
	<PackageReference Include=""Microsoft.EntityFrameworkCore.Sqlite"" Version=""10.0.0"" />
	<PackageReference Include=""Microsoft.EntityFrameworkCore.Tools"" Version=""10.0.0"">
	  <PrivateAssets>all</PrivateAssets>
	  <IncludeAssets>runtime; build; native; contentfiles; analyzers; buildtransitive</IncludeAssets>
	</PackageReference>
	<PackageReference Include=""System.IdentityModel.Tokens.Jwt"" Version=""8.14.0"" />
	<PackageReference Include=""Swashbuckle.AspNetCore"" Version=""10.0.1"" />
    <PackageReference Include=""Microsoft.AspNetCore.OpenApi"" Version=""10.0.0"" />
  </ItemGroup>

</Project>
"
"AuthService.API","C:\Users\Amjad\source\repos\DentalClinic\AuthService.API\Program.cs","Program.cs",".cs","using AuthService.API.Data;
using AuthService.API.Services;
using Microsoft.EntityFrameworkCore;
using Microsoft.AspNetCore.Authentication.JwtBearer;
using Microsoft.IdentityModel.Tokens;
using System.Text;

var builder = WebApplication.CreateBuilder(args);

builder.Services.AddDbContext<AuthDbContext>(options =>
{
    options.UseSqlite(builder.Configuration.GetConnectionString(""AuthDb""));
});

// 🆕 تسجيل UserService
builder.Services.AddScoped<UserService>();

// 🔐 JWT settings
var jwtKey = builder.Configuration[""Jwt:Key""];
var issuer = builder.Configuration[""Jwt:Issuer""];
var audience = builder.Configuration[""Jwt:Audience""];
var signingKey = new SymmetricSecurityKey(Encoding.UTF8.GetBytes(jwtKey));

// Controllers + Swagger
builder.Services.AddControllers();
builder.Services.AddEndpointsApiExplorer();
builder.Services.AddSwaggerGen();

// Authentication
builder.Services.AddAuthentication(JwtBearerDefaults.AuthenticationScheme)
    .AddJwtBearer(options =>
    {
        options.TokenValidationParameters = new()
        {
            ValidateIssuer = true,
            ValidateAudience = true,
            ValidateIssuerSigningKey = true,
            ValidIssuer = issuer,
            ValidAudience = audience,
            IssuerSigningKey = signingKey
        };
    });

var app = builder.Build();

if (app.Environment.IsDevelopment())
{
    app.UseSwagger();
    app.UseSwaggerUI();
}

app.UseAuthentication();
app.UseAuthorization();

app.MapControllers();

app.Run();
"
"Debug","C:\Users\Amjad\source\repos\DentalClinic\Booking\BookingService.API\bin\Debug\net10.0\appsettings.Development.json","appsettings.Development.json",".json","{
  ""Logging"": {
    ""LogLevel"": {
      ""Default"": ""Information"",
      ""Microsoft.AspNetCore"": ""Warning""
    }
  }
}
"
"Debug","C:\Users\Amjad\source\repos\DentalClinic\Booking\BookingService.API\bin\Debug\net10.0\appsettings.json","appsettings.json",".json","{
  ""Logging"": {
    ""LogLevel"": {
      ""Default"": ""Information"",
      ""Microsoft.AspNetCore"": ""Warning""
    }
  },
  ""AllowedHosts"": ""*""
}
"
"BookingService.API","C:\Users\Amjad\source\repos\DentalClinic\Booking\BookingService.API\Controllers\AppointmentsController.cs","AppointmentsController.cs",".cs","using BookingService.Application;
using BookingService.Application.Commands;
using BookingService.Application.Queries;
using Microsoft.AspNetCore.Authentication.JwtBearer;
using Microsoft.AspNetCore.Authorization;
using Microsoft.AspNetCore.Mvc;
using System.Security.Claims;
using BookingService.Infrastructure.Data; // 👈 عدّل الـ namespace حسب BookingDbContext عندك
using Microsoft.EntityFrameworkCore;

namespace BookingService.API.Controllers;

[ApiController]
[Route(""api/[controller]"")]
public class AppointmentsController : ControllerBase
{
    private readonly BookingApplicationService _appService;
    private readonly BookingDbContext _db;   // 👈 جديد

    public AppointmentsController(BookingApplicationService appService, BookingDbContext db)
    {
        _appService = appService;
        _db = db;
    }

    //[Authorize]
    [HttpPost]
    public async Task<IActionResult> Create(RequestAppointmentCommand command)
    {
        await _appService.Handle(command);
        return Ok();
    }

    //[Authorize(Roles = ""Admin"")]
    [HttpPut(""confirm"")]
    public async Task<IActionResult> Confirm(ConfirmAppointmentCommand command)
    {
        await _appService.Handle(command);
        return Ok();
    }

    //[Authorize(Roles = ""Admin"")]
    [HttpPut(""cancel"")]
    public async Task<IActionResult> Cancel(CancelAppointmentCommand command)
    {
        await _appService.Handle(command);
        return Ok();
    }

    //[Authorize(Roles = ""Admin"")]
    [HttpPut(""reschedule"")]
    public async Task<IActionResult> Reschedule(RescheduleAppointmentCommand command)
    {
        await _appService.Handle(command);
        return Ok();
    }

    // [Authorize(AuthenticationSchemes = JwtBearerDefaults.AuthenticationScheme)]
    [HttpGet(""mine"")]
    public async Task<IActionResult> GetMine()
    {
        // نقرأ الـ userId الذي أرسله الـ Gateway
        var userId = Request.Headers[""X-UserId""].FirstOrDefault();

        if (string.IsNullOrEmpty(userId))
        {
            return Unauthorized(""No X-UserId header"");
        }

        if (!Guid.TryParse(userId, out var patientGuid))
        {
            return Unauthorized(""Invalid X-UserId format"");
        }

        var query = HttpContext.RequestServices.GetRequiredService<GetAppointmentsByPatientQuery>();
        var appointments = await query.Handle(patientGuid);

        // نحول الـ Domain entities إلى DTOs بسيطة
        var result = appointments.Select(a => new
        {
            id = a.Id,
            status = a.Status.ToString(),
            dentistId = a.DentistId.Value.ToString(),
            slot = new
            {
                date = a.Slot.Start.ToString(""yyyy-MM-dd""),
                time = a.Slot.Start.ToString(""HH:mm"")
            }
        }).ToList();

        return Ok(result);
    }

    // 🔹 Endpoint للأدمن — يعيد كل المواعيد
    [HttpGet(""admin"")]
    public async Task<IActionResult> GetAllForAdmin()
    {
        var appointments = await _db.Appointments.ToListAsync();

        var result = appointments.Select(a => new
        {
            id = a.Id,
            status = a.Status.ToString(),
            dentistId = a.DentistId.Value.ToString(),
            slot = new
            {
                date = a.Slot.Start.ToString(""yyyy-MM-dd""),
                time = a.Slot.Start.ToString(""HH:mm"")
            }
        }).ToList();

        return Ok(result);
    }



}
"
"BookingService.API","C:\Users\Amjad\source\repos\DentalClinic\Booking\BookingService.API\Controllers\WorkflowController.cs","WorkflowController.cs",".cs","using Microsoft.AspNetCore.Mvc;

namespace BookingService.API.Controllers;

[ApiController]
[Route(""/"")]
public class WorkflowController : ControllerBase
{
    private readonly ILogger<WorkflowController> _logger;

    public WorkflowController(ILogger<WorkflowController> logger)
    {
        _logger = logger;
    }

    [HttpPost(""reserve"")]
    public IActionResult Reserve([FromBody] ReserveRequest request)
    {
        _logger.LogInformation(""Received booking request for {PatientName} on {Date}"", request.PatientName, request.Date);

        // منطق تجريبي بسيط (MVP)
        if (request.NumberOfAppointmentsToday >= 10)
        {
            return Ok(new BookingResult(false, ""Clinic fully booked for today.""));
        }

        return Ok(new BookingResult(true, ""Appointment reserved successfully.""));
    }
}

public record ReserveRequest(string PatientName, DateOnly Date, int NumberOfAppointmentsToday);
public record BookingResult(bool Success, string Message);
"
"Debug","C:\Users\Amjad\source\repos\DentalClinic\Booking\BookingService.API\obj\Debug\net10.0\.NETCoreApp,Version=v10.0.AssemblyAttributes.cs",".NETCoreApp,Version=v10.0.AssemblyAttributes.cs",".cs","// <autogenerated />
using System;
using System.Reflection;
[assembly: global::System.Runtime.Versioning.TargetFrameworkAttribute("".NETCoreApp,Version=v10.0"", FrameworkDisplayName = "".NET 10.0"")]
"
"Debug","C:\Users\Amjad\source\repos\DentalClinic\Booking\BookingService.API\obj\Debug\net10.0\BookingService.API.AssemblyInfo.cs","BookingService.API.AssemblyInfo.cs",".cs","//------------------------------------------------------------------------------
// <auto-generated>
//     This code was generated by a tool.
//     Runtime Version:4.0.30319.42000
//
//     Changes to this file may cause incorrect behavior and will be lost if
//     the code is regenerated.
// </auto-generated>
//------------------------------------------------------------------------------

using System;
using System.Reflection;

[assembly: System.Reflection.AssemblyCompanyAttribute(""BookingService.API"")]
[assembly: System.Reflection.AssemblyConfigurationAttribute(""Debug"")]
[assembly: System.Reflection.AssemblyFileVersionAttribute(""1.0.0.0"")]
[assembly: System.Reflection.AssemblyInformationalVersionAttribute(""1.0.0"")]
[assembly: System.Reflection.AssemblyProductAttribute(""BookingService.API"")]
[assembly: System.Reflection.AssemblyTitleAttribute(""BookingService.API"")]
[assembly: System.Reflection.AssemblyVersionAttribute(""1.0.0.0"")]

// Generated by the MSBuild WriteCodeFragment class.

"
"Debug","C:\Users\Amjad\source\repos\DentalClinic\Booking\BookingService.API\obj\Debug\net10.0\BookingService.API.GlobalUsings.g.cs","BookingService.API.GlobalUsings.g.cs",".cs","// <auto-generated/>
global using Microsoft.AspNetCore.Builder;
global using Microsoft.AspNetCore.Hosting;
global using Microsoft.AspNetCore.Http;
global using Microsoft.AspNetCore.Routing;
global using Microsoft.Extensions.Configuration;
global using Microsoft.Extensions.DependencyInjection;
global using Microsoft.Extensions.Hosting;
global using Microsoft.Extensions.Logging;
global using System;
global using System.Collections.Generic;
global using System.IO;
global using System.Linq;
global using System.Net.Http;
global using System.Net.Http.Json;
global using System.Threading;
global using System.Threading.Tasks;
"
"Debug","C:\Users\Amjad\source\repos\DentalClinic\Booking\BookingService.API\obj\Debug\net10.0\BookingService.API.MvcApplicationPartsAssemblyInfo.cs","BookingService.API.MvcApplicationPartsAssemblyInfo.cs",".cs","//------------------------------------------------------------------------------
// <auto-generated>
//     This code was generated by a tool.
//     Runtime Version:4.0.30319.42000
//
//     Changes to this file may cause incorrect behavior and will be lost if
//     the code is regenerated.
// </auto-generated>
//------------------------------------------------------------------------------

using System;
using System.Reflection;

[assembly: Microsoft.AspNetCore.Mvc.ApplicationParts.ApplicationPartAttribute(""Dapr.AspNetCore"")]
[assembly: Microsoft.AspNetCore.Mvc.ApplicationParts.ApplicationPartAttribute(""Dapr.Workflow"")]
[assembly: Microsoft.AspNetCore.Mvc.ApplicationParts.ApplicationPartAttribute(""Microsoft.AspNetCore.OpenApi"")]
[assembly: Microsoft.AspNetCore.Mvc.ApplicationParts.ApplicationPartAttribute(""Swashbuckle.AspNetCore.SwaggerGen"")]

// Generated by the MSBuild WriteCodeFragment class.

"
"BookingService.API","C:\Users\Amjad\source\repos\DentalClinic\Booking\BookingService.API\Properties\launchSettings.json","launchSettings.json",".json","{
  ""$schema"": ""https://json.schemastore.org/launchsettings.json"",
  ""profiles"": {
    ""http"": {
      ""commandName"": ""Project"",
      ""dotnetRunMessages"": true,
      ""launchBrowser"": false,
      ""applicationUrl"": ""http://localhost:5175"",
      ""environmentVariables"": {
        ""ASPNETCORE_ENVIRONMENT"": ""Development""
      }
    },
    ""https"": {
      ""commandName"": ""Project"",
      ""dotnetRunMessages"": true,
      ""launchBrowser"": false,
      ""applicationUrl"": ""https://localhost:7258;http://localhost:5175"",
      ""environmentVariables"": {
        ""ASPNETCORE_ENVIRONMENT"": ""Development""
      }
    }
  }
}
"
"BookingService.API","C:\Users\Amjad\source\repos\DentalClinic\Booking\BookingService.API\appsettings.Development.json","appsettings.Development.json",".json","{
  ""Logging"": {
    ""LogLevel"": {
      ""Default"": ""Information"",
      ""Microsoft.AspNetCore"": ""Warning""
    }
  }
}
"
"BookingService.API","C:\Users\Amjad\source\repos\DentalClinic\Booking\BookingService.API\appsettings.json","appsettings.json",".json","{
  ""Logging"": {
    ""LogLevel"": {
      ""Default"": ""Information"",
      ""Microsoft.AspNetCore"": ""Warning""
    }
  },
  ""AllowedHosts"": ""*""
}
"
"BookingService.API","C:\Users\Amjad\source\repos\DentalClinic\Booking\BookingService.API\BookingService.API.csproj","BookingService.API.csproj",".csproj","<Project Sdk=""Microsoft.NET.Sdk.Web"">

  <PropertyGroup>
    <TargetFramework>net10.0</TargetFramework>
    <Nullable>enable</Nullable>
    <ImplicitUsings>enable</ImplicitUsings>
  </PropertyGroup>

  <ItemGroup>
    <PackageReference Include=""Dapr.Client"" Version=""1.16.1"" />
    <PackageReference Include=""Dapr.Workflow"" Version=""1.16.1"" />
    <PackageReference Include=""Microsoft.AspNetCore.OpenApi"" Version=""10.0.0"" />
    <PackageReference Include=""Swashbuckle.AspNetCore"" Version=""10.0.1"" />
	<PackageReference Include=""Dapr.AspNetCore"" Version=""1.16.1"" />
	<PackageReference Include=""Microsoft.AspNetCore.Authentication.JwtBearer"" Version=""10.0.0"" />
	<PackageReference Include=""System.IdentityModel.Tokens.Jwt"" Version=""8.14.0"" />
  </ItemGroup>

  <ItemGroup>
    <ProjectReference Include=""..\BookingService.Application\BookingService.Application.csproj"" />
    <ProjectReference Include=""..\BookingService.Infrastructure\BookingService.Infrastructure.csproj"" />
  </ItemGroup>

</Project>
"
"BookingService.API","C:\Users\Amjad\source\repos\DentalClinic\Booking\BookingService.API\Program.cs","Program.cs",".cs","using BookingService.Application;
using BookingService.Application.Interfaces;
using BookingService.Application.Queries;
using BookingService.Infrastructure.Data;
using BookingService.Infrastructure.Repositories;
using Microsoft.AspNetCore.Authentication.JwtBearer;
using Microsoft.EntityFrameworkCore;
using Microsoft.IdentityModel.Tokens;
using System.Text;

var builder = WebApplication.CreateBuilder(args);

// ---------- SERVICES ----------
builder.Services.AddDbContext<BookingDbContext>(options =>
    options.UseSqlite(""Data Source=BookingService.db""));

builder.Services.AddScoped<IAppointmentRepository, AppointmentRepository>();
builder.Services.AddScoped<BookingApplicationService>();
builder.Services.AddScoped<GetAppointmentsByPatientQuery>();

builder.Services.AddControllers();
builder.Services.AddEndpointsApiExplorer();
builder.Services.AddOpenApi();
builder.Services.AddDaprClient();

// JWT Settings
var jwtKey = ""this_is_my_super_secret_key_12345"";
var issuer = ""DentalClinicAuth"";
var audience = ""DentalClinicServices"";

builder.Services.AddAuthentication(JwtBearerDefaults.AuthenticationScheme)
    .AddJwtBearer(options =>
    {
        options.TokenValidationParameters = new TokenValidationParameters
        {
            ValidateIssuer = true,
            ValidateAudience = true,
            ValidateIssuerSigningKey = true,
            ValidIssuer = issuer,
            ValidAudience = audience,
            IssuerSigningKey = new SymmetricSecurityKey(Encoding.UTF8.GetBytes(jwtKey))
        };
    });

builder.Services.AddAuthorization();


// ---------- APP ----------
var app = builder.Build();

// تأكيد إنشاء قاعدة البيانات
using (var scope = app.Services.CreateScope())
{
    var db = scope.ServiceProvider.GetRequiredService<BookingDbContext>();
    db.Database.EnsureCreated();
}

// =========================
// 🔥 الترتيب الصحيح
// =========================

if (app.Environment.IsDevelopment())
{
    app.MapOpenApi();
    app.UseSwaggerUI(options =>
    {
        options.SwaggerEndpoint(""/openapi/v1.json"", ""Booking Service API v1"");
    });
}

// فقط في Production نستخدم HTTPS redirect
if (!app.Environment.IsDevelopment())
{
    app.UseHttpsRedirection();
}

// 🟢 يجب أن يكون هنا
app.UseAuthentication();
app.UseAuthorization();

// باقي الـ Dapr
app.UseCloudEvents();
app.MapSubscribeHandler();

app.MapControllers();

app.Run();
"
"BookingService.Application","C:\Users\Amjad\source\repos\DentalClinic\Booking\BookingService.Application\Commands\CancelAppointmentCommand.cs","CancelAppointmentCommand.cs",".cs","using System;
using System.Collections.Generic;
using System.Text;

namespace BookingService.Application.Commands
{
    public sealed record CancelAppointmentCommand(Guid AppointmentId);

}
"
"BookingService.Application","C:\Users\Amjad\source\repos\DentalClinic\Booking\BookingService.Application\Commands\ConfirmAppointmentCommand.cs","ConfirmAppointmentCommand.cs",".cs","using System;
using System.Collections.Generic;
using System.Text;

namespace BookingService.Application.Commands
{
    public sealed record ConfirmAppointmentCommand(Guid AppointmentId);
}
"
"BookingService.Application","C:\Users\Amjad\source\repos\DentalClinic\Booking\BookingService.Application\Commands\RequestAppointmentCommand.cs","RequestAppointmentCommand.cs",".cs","using System;
using System.Collections.Generic;
using System.Text;

namespace BookingService.Application.Commands
{
    public sealed record RequestAppointmentCommand(
    Guid AppointmentId,
    Guid PatientId,
    Guid DentistId,
    DateTime Start,
    DateTime End);
}
"
"BookingService.Application","C:\Users\Amjad\source\repos\DentalClinic\Booking\BookingService.Application\Commands\RescheduleAppointmentCommand.cs","RescheduleAppointmentCommand.cs",".cs","using System;
using System.Collections.Generic;
using System.Text;

namespace BookingService.Application.Commands
{
    public sealed record RescheduleAppointmentCommand(Guid AppointmentId, DateTime NewStart, DateTime NewEnd);

}
"
"BookingService.Application","C:\Users\Amjad\source\repos\DentalClinic\Booking\BookingService.Application\Interfaces\IAppointmentRepository.cs","IAppointmentRepository.cs",".cs","using BookingService.Domain.Entities;
using System;
using System.Collections.Generic;
using System.Text;

namespace BookingService.Application.Interfaces
{
    public interface IAppointmentRepository
    {
        Task<Appointment?> GetByIdAsync(Guid id, CancellationToken cancellationToken = default);
        Task AddAsync(Appointment appointment, CancellationToken cancellationToken = default);
        Task UpdateAsync(Appointment appointment, CancellationToken cancellationToken = default);
        Task<List<Appointment>> GetByPatientIdAsync(Guid patientId);

    }
}
"
"Debug","C:\Users\Amjad\source\repos\DentalClinic\Booking\BookingService.Application\obj\Debug\net10.0\.NETCoreApp,Version=v10.0.AssemblyAttributes.cs",".NETCoreApp,Version=v10.0.AssemblyAttributes.cs",".cs","// <autogenerated />
using System;
using System.Reflection;
[assembly: global::System.Runtime.Versioning.TargetFrameworkAttribute("".NETCoreApp,Version=v10.0"", FrameworkDisplayName = "".NET 10.0"")]
"
"Debug","C:\Users\Amjad\source\repos\DentalClinic\Booking\BookingService.Application\obj\Debug\net10.0\BookingService.Application.AssemblyInfo.cs","BookingService.Application.AssemblyInfo.cs",".cs","//------------------------------------------------------------------------------
// <auto-generated>
//     This code was generated by a tool.
//     Runtime Version:4.0.30319.42000
//
//     Changes to this file may cause incorrect behavior and will be lost if
//     the code is regenerated.
// </auto-generated>
//------------------------------------------------------------------------------

using System;
using System.Reflection;

[assembly: System.Reflection.AssemblyCompanyAttribute(""BookingService.Application"")]
[assembly: System.Reflection.AssemblyConfigurationAttribute(""Debug"")]
[assembly: System.Reflection.AssemblyFileVersionAttribute(""1.0.0.0"")]
[assembly: System.Reflection.AssemblyInformationalVersionAttribute(""1.0.0"")]
[assembly: System.Reflection.AssemblyProductAttribute(""BookingService.Application"")]
[assembly: System.Reflection.AssemblyTitleAttribute(""BookingService.Application"")]
[assembly: System.Reflection.AssemblyVersionAttribute(""1.0.0.0"")]

// Generated by the MSBuild WriteCodeFragment class.

"
"Debug","C:\Users\Amjad\source\repos\DentalClinic\Booking\BookingService.Application\obj\Debug\net10.0\BookingService.Application.GlobalUsings.g.cs","BookingService.Application.GlobalUsings.g.cs",".cs","// <auto-generated/>
global using System;
global using System.Collections.Generic;
global using System.IO;
global using System.Linq;
global using System.Net.Http;
global using System.Threading;
global using System.Threading.Tasks;
"
"BookingService.Application","C:\Users\Amjad\source\repos\DentalClinic\Booking\BookingService.Application\Queries\GetAppointmentsByPatientQuery.cs","GetAppointmentsByPatientQuery.cs",".cs","using BookingService.Application.Interfaces;
using BookingService.Domain.Entities;

namespace BookingService.Application.Queries
{
    public class GetAppointmentsByPatientQuery
    {
        private readonly IAppointmentRepository _repo;

        public GetAppointmentsByPatientQuery(IAppointmentRepository repo)
        {
            _repo = repo;
        }

        public async Task<List<Appointment>> Handle(Guid patientId)
        {
            return await _repo.GetByPatientIdAsync(patientId);
        }
    }
}
"
"Booking","C:\Users\Amjad\source\repos\DentalClinic\Booking\BookingService.Application\BookingApplicationService.cs","BookingApplicationService.cs",".cs","using BookingService.Application.Commands;
using BookingService.Application.Interfaces;
using BookingService.Domain.Entities;
using BookingService.Domain.ValueObjects;
using Dapr.Client;
using DentalClinic.SharedKernel.DomainEvents;

namespace BookingService.Application;

public class BookingApplicationService
{
    private readonly IAppointmentRepository _repository;
    private readonly DaprClient _daprClient;

    public BookingApplicationService(IAppointmentRepository repository, DaprClient daprClient)
    {
        _repository = repository;
        _daprClient = daprClient;
    }

    public async Task Handle(RequestAppointmentCommand command)
    {
        var appointment = new Appointment(
            command.AppointmentId,
            new PatientId(command.PatientId),
            new DentistId(command.DentistId),
            new TimeSlot(command.Start, command.End));

        await _repository.AddAsync(appointment);
    }

    public async Task Handle(ConfirmAppointmentCommand command)
    {
        var appointment = await _repository.GetByIdAsync(command.AppointmentId)
            ?? throw new InvalidOperationException(""Appointment not found."");

        appointment.Confirm();
        await _repository.UpdateAsync(appointment);

        // ✅ نشر الحدث عبر Dapr Pub/Sub
        var evt = new AppointmentConfirmedEvent(appointment.Id, appointment.PatientId.Value);
        await _daprClient.PublishEventAsync(""pubsub"", ""appointments.confirmed"", evt);
        Console.WriteLine($""📤 Published event to pubsub: appointments.confirmed ({evt.AppointmentId})"");
    }

    public async Task Handle(CancelAppointmentCommand command)
    {
        var appointment = await _repository.GetByIdAsync(command.AppointmentId)
            ?? throw new InvalidOperationException(""Appointment not found."");

        appointment.Cancel();
        await _repository.UpdateAsync(appointment);
    }

    public async Task Handle(RescheduleAppointmentCommand command)
    {
        var appointment = await _repository.GetByIdAsync(command.AppointmentId)
            ?? throw new InvalidOperationException(""Appointment not found."");

        appointment.Reschedule(new TimeSlot(command.NewStart, command.NewEnd));
        await _repository.UpdateAsync(appointment);
    }
}
"
"Booking","C:\Users\Amjad\source\repos\DentalClinic\Booking\BookingService.Application\BookingService.Application.csproj","BookingService.Application.csproj",".csproj","<Project Sdk=""Microsoft.NET.Sdk"">

  <ItemGroup>
    <ProjectReference Include=""..\..\shared\DentalClinic.SharedKernel\DentalClinic.SharedKernel.csproj"" />
    <ProjectReference Include=""..\BookingService.Domain\BookingService.Domain.csproj"" />
    <PackageReference Include=""Dapr.Client"" Version=""1.16.1"" />
  </ItemGroup>

  <ItemGroup>
    <Folder Include=""Application\"" />
    <Folder Include=""DTOs\"" />
  </ItemGroup>

  <PropertyGroup>
    <TargetFramework>net10.0</TargetFramework>
    <ImplicitUsings>enable</ImplicitUsings>
    <Nullable>enable</Nullable>
  </PropertyGroup>

</Project>
"
"BookingService.Domain","C:\Users\Amjad\source\repos\DentalClinic\Booking\BookingService.Domain\Entities\Appointment.cs","Appointment.cs",".cs","using System;
using DentalClinic.SharedKernel;
using BookingService.Domain.ValueObjects;

namespace BookingService.Domain.Entities
{
    public enum AppointmentStatus
    {
        Requested,
        Confirmed,
        Cancelled,
        Completed
    }

    public sealed class Appointment : AggregateRoot
    {
        public PatientId PatientId { get; private init; }
        public DentistId DentistId { get; private init; }
        public TimeSlot Slot { get; private set; }
        public AppointmentStatus Status { get; private set; }

        public Appointment(
            Guid id,
            PatientId patientId,
            DentistId dentistId,
            TimeSlot slot)
            : base(id)
        {
            PatientId = patientId;
            DentistId = dentistId;
            Slot = slot;
            Status = AppointmentStatus.Requested;
        }

        // Constructor فارغ خاص بـ EF Core
        private Appointment() : base(Guid.Empty) { }

        public void Confirm()
        {
            if (Status != AppointmentStatus.Requested)
                throw new InvalidOperationException(""Only requested appointments can be confirmed."");

            Status = AppointmentStatus.Confirmed;
        }

        public void Cancel()
        {
            if (Status == AppointmentStatus.Completed)
                throw new InvalidOperationException(""Completed appointments cannot be cancelled."");

            Status = AppointmentStatus.Cancelled;
        }

        public void Reschedule(TimeSlot newSlot)
        {
            if (Status == AppointmentStatus.Cancelled)
                throw new InvalidOperationException(""Cancelled appointments cannot be rescheduled."");

            Slot = newSlot;
        }

        public void Complete()
        {
            if (Status != AppointmentStatus.Confirmed)
                throw new InvalidOperationException(""Only confirmed appointments can be completed."");

            Status = AppointmentStatus.Completed;
        }
    }
}
"
"Debug","C:\Users\Amjad\source\repos\DentalClinic\Booking\BookingService.Domain\obj\Debug\net10.0\.NETCoreApp,Version=v10.0.AssemblyAttributes.cs",".NETCoreApp,Version=v10.0.AssemblyAttributes.cs",".cs","// <autogenerated />
using System;
using System.Reflection;
[assembly: global::System.Runtime.Versioning.TargetFrameworkAttribute("".NETCoreApp,Version=v10.0"", FrameworkDisplayName = "".NET 10.0"")]
"
"Debug","C:\Users\Amjad\source\repos\DentalClinic\Booking\BookingService.Domain\obj\Debug\net10.0\BookingService.Domain.AssemblyInfo.cs","BookingService.Domain.AssemblyInfo.cs",".cs","//------------------------------------------------------------------------------
// <auto-generated>
//     This code was generated by a tool.
//     Runtime Version:4.0.30319.42000
//
//     Changes to this file may cause incorrect behavior and will be lost if
//     the code is regenerated.
// </auto-generated>
//------------------------------------------------------------------------------

using System;
using System.Reflection;

[assembly: System.Reflection.AssemblyCompanyAttribute(""BookingService.Domain"")]
[assembly: System.Reflection.AssemblyConfigurationAttribute(""Debug"")]
[assembly: System.Reflection.AssemblyFileVersionAttribute(""1.0.0.0"")]
[assembly: System.Reflection.AssemblyInformationalVersionAttribute(""1.0.0"")]
[assembly: System.Reflection.AssemblyProductAttribute(""BookingService.Domain"")]
[assembly: System.Reflection.AssemblyTitleAttribute(""BookingService.Domain"")]
[assembly: System.Reflection.AssemblyVersionAttribute(""1.0.0.0"")]

// Generated by the MSBuild WriteCodeFragment class.

"
"Debug","C:\Users\Amjad\source\repos\DentalClinic\Booking\BookingService.Domain\obj\Debug\net10.0\BookingService.Domain.GlobalUsings.g.cs","BookingService.Domain.GlobalUsings.g.cs",".cs","// <auto-generated/>
global using System;
global using System.Collections.Generic;
global using System.IO;
global using System.Linq;
global using System.Net.Http;
global using System.Threading;
global using System.Threading.Tasks;
"
"BookingService.Domain","C:\Users\Amjad\source\repos\DentalClinic\Booking\BookingService.Domain\ValueObjects\DentistId.cs","DentistId.cs",".cs","using System;
using System.Collections.Generic;
using System.Text;

namespace BookingService.Domain.ValueObjects
{
    public sealed record DentistId(Guid Value);
}
"
"BookingService.Domain","C:\Users\Amjad\source\repos\DentalClinic\Booking\BookingService.Domain\ValueObjects\PatientId.cs","PatientId.cs",".cs","using System;
using System.Collections.Generic;
using System.Text;

namespace BookingService.Domain.ValueObjects
{
    public sealed record PatientId(Guid Value);
}
"
"BookingService.Domain","C:\Users\Amjad\source\repos\DentalClinic\Booking\BookingService.Domain\ValueObjects\TimeSlot.cs","TimeSlot.cs",".cs","using System;
using System.Collections.Generic;
using System.Text;

namespace BookingService.Domain.ValueObjects
{
    public sealed record TimeSlot
    {
        public DateTime Start { get; init; }
        public DateTime End { get; init; }

        public TimeSlot(DateTime start, DateTime end)
        {
            if (end <= start)
                throw new ArgumentException(""End time must be after start time."", nameof(end));

            // ممكن تضيف تحقق آخر لاحقاً (عدم الحجز في الماضي مثلاً)
            Start = start;
            End = end;
        }

        public TimeSpan Duration => End - Start;
    }
}
"
"Booking","C:\Users\Amjad\source\repos\DentalClinic\Booking\BookingService.Domain\BookingService.Domain.csproj","BookingService.Domain.csproj",".csproj","<Project Sdk=""Microsoft.NET.Sdk"">

  <PropertyGroup>
    <TargetFramework>net10.0</TargetFramework>
    <ImplicitUsings>enable</ImplicitUsings>
    <Nullable>enable</Nullable>
  </PropertyGroup>

  <ItemGroup>
    <ProjectReference Include=""..\..\shared\DentalClinic.SharedKernel\DentalClinic.SharedKernel.csproj"" />
  </ItemGroup>

</Project>
"
"BookingService.Infrastructure","C:\Users\Amjad\source\repos\DentalClinic\Booking\BookingService.Infrastructure\Data\BookingDbContext.cs","BookingDbContext.cs",".cs","using BookingService.Domain.Entities;
using BookingService.Domain.ValueObjects;
using Microsoft.EntityFrameworkCore;

namespace BookingService.Infrastructure.Data;

public class BookingDbContext : DbContext
{
    public BookingDbContext(DbContextOptions<BookingDbContext> options)
        : base(options)
    {
    }

    public DbSet<Appointment> Appointments => Set<Appointment>();

    protected override void OnModelCreating(ModelBuilder modelBuilder)
    {
        // تعيين الـKey
        modelBuilder.Entity<Appointment>(b =>
        {
            b.HasKey(a => a.Id);

            // تهيئة الـValueObjects كملكية مملوكة (Owned)
            b.OwnsOne(a => a.PatientId, p =>
            {
                p.Property(v => v.Value).HasColumnName(""PatientId"");
            });

            b.OwnsOne(a => a.DentistId, d =>
            {
                d.Property(v => v.Value).HasColumnName(""DentistId"");
            });

            b.OwnsOne(a => a.Slot, s =>
            {
                s.Property(v => v.Start).HasColumnName(""StartTime"");
                s.Property(v => v.End).HasColumnName(""EndTime"");
            });

            b.Property(a => a.Status)
                .HasConversion<string>()
                .HasColumnName(""Status"");

            b.ToTable(""Appointments"");
        });
    }
}
"
"Debug","C:\Users\Amjad\source\repos\DentalClinic\Booking\BookingService.Infrastructure\obj\Debug\net10.0\.NETCoreApp,Version=v10.0.AssemblyAttributes.cs",".NETCoreApp,Version=v10.0.AssemblyAttributes.cs",".cs","// <autogenerated />
using System;
using System.Reflection;
[assembly: global::System.Runtime.Versioning.TargetFrameworkAttribute("".NETCoreApp,Version=v10.0"", FrameworkDisplayName = "".NET 10.0"")]
"
"Debug","C:\Users\Amjad\source\repos\DentalClinic\Booking\BookingService.Infrastructure\obj\Debug\net10.0\BookingService.Infrastructure.AssemblyInfo.cs","BookingService.Infrastructure.AssemblyInfo.cs",".cs","//------------------------------------------------------------------------------
// <auto-generated>
//     This code was generated by a tool.
//     Runtime Version:4.0.30319.42000
//
//     Changes to this file may cause incorrect behavior and will be lost if
//     the code is regenerated.
// </auto-generated>
//------------------------------------------------------------------------------

using System;
using System.Reflection;

[assembly: System.Reflection.AssemblyCompanyAttribute(""BookingService.Infrastructure"")]
[assembly: System.Reflection.AssemblyConfigurationAttribute(""Debug"")]
[assembly: System.Reflection.AssemblyFileVersionAttribute(""1.0.0.0"")]
[assembly: System.Reflection.AssemblyInformationalVersionAttribute(""1.0.0"")]
[assembly: System.Reflection.AssemblyProductAttribute(""BookingService.Infrastructure"")]
[assembly: System.Reflection.AssemblyTitleAttribute(""BookingService.Infrastructure"")]
[assembly: System.Reflection.AssemblyVersionAttribute(""1.0.0.0"")]

// Generated by the MSBuild WriteCodeFragment class.

"
"Debug","C:\Users\Amjad\source\repos\DentalClinic\Booking\BookingService.Infrastructure\obj\Debug\net10.0\BookingService.Infrastructure.GlobalUsings.g.cs","BookingService.Infrastructure.GlobalUsings.g.cs",".cs","// <auto-generated/>
global using System;
global using System.Collections.Generic;
global using System.IO;
global using System.Linq;
global using System.Net.Http;
global using System.Threading;
global using System.Threading.Tasks;
"
"BookingService.Infrastructure","C:\Users\Amjad\source\repos\DentalClinic\Booking\BookingService.Infrastructure\Repositories\AppointmentRepository.cs","AppointmentRepository.cs",".cs","using BookingService.Application.Interfaces;
using BookingService.Domain.Entities;
using BookingService.Infrastructure.Data;
using Microsoft.EntityFrameworkCore;

namespace BookingService.Infrastructure.Repositories;

public class AppointmentRepository : IAppointmentRepository
{
    private readonly BookingDbContext _context;

    public AppointmentRepository(BookingDbContext context)
    {
        _context = context;
    }

    public async Task<Appointment?> GetByIdAsync(Guid id, CancellationToken cancellationToken = default)
    {
        return await _context.Appointments
            .FirstOrDefaultAsync(a => a.Id == id, cancellationToken);
    }

    public async Task AddAsync(Appointment appointment, CancellationToken cancellationToken = default)
    {
        await _context.Appointments.AddAsync(appointment, cancellationToken);
        await _context.SaveChangesAsync(cancellationToken);
    }

    public async Task UpdateAsync(Appointment appointment, CancellationToken cancellationToken = default)
    {
        _context.Appointments.Update(appointment);
        await _context.SaveChangesAsync(cancellationToken);
    }

    public async Task<List<Appointment>> GetByPatientIdAsync(Guid patientId)
    {
        return await _context.Appointments
            .Where(a => a.PatientId.Value == patientId)
            .ToListAsync();
    }

}
"
"Booking","C:\Users\Amjad\source\repos\DentalClinic\Booking\BookingService.Infrastructure\BookingService.Infrastructure.csproj","BookingService.Infrastructure.csproj",".csproj","<Project Sdk=""Microsoft.NET.Sdk"">

  <ItemGroup>
    <PackageReference Include=""Microsoft.EntityFrameworkCore"" Version=""10.0.0"" />
    <PackageReference Include=""Microsoft.EntityFrameworkCore.Design"" Version=""10.0.0"">
      <PrivateAssets>all</PrivateAssets>
      <IncludeAssets>runtime; build; native; contentfiles; analyzers; buildtransitive</IncludeAssets>
    </PackageReference>
    <PackageReference Include=""Microsoft.EntityFrameworkCore.Sqlite"" Version=""10.0.0"" />
  </ItemGroup>

  <ItemGroup>
    <ProjectReference Include=""..\BookingService.Application\BookingService.Application.csproj"" />
    <ProjectReference Include=""..\BookingService.Domain\BookingService.Domain.csproj"" />
  </ItemGroup>

  <PropertyGroup>
    <TargetFramework>net10.0</TargetFramework>
    <ImplicitUsings>enable</ImplicitUsings>
    <Nullable>enable</Nullable>
  </PropertyGroup>

</Project>
"
"Debug","C:\Users\Amjad\source\repos\DentalClinic\BookingService\bin\Debug\net10.0\appsettings.Development.json","appsettings.Development.json",".json","{
  ""Logging"": {
    ""LogLevel"": {
      ""Default"": ""Information"",
      ""Microsoft.AspNetCore"": ""Warning""
    }
  }
}
"
"Debug","C:\Users\Amjad\source\repos\DentalClinic\BookingService\bin\Debug\net10.0\appsettings.json","appsettings.json",".json","{
  ""Logging"": {
    ""LogLevel"": {
      ""Default"": ""Information"",
      ""Microsoft.AspNetCore"": ""Warning""
    }
  },
  ""AllowedHosts"": ""*""
}
"
"Debug","C:\Users\Amjad\source\repos\DentalClinic\BookingService\obj\Debug\net10.0\.NETCoreApp,Version=v10.0.AssemblyAttributes.cs",".NETCoreApp,Version=v10.0.AssemblyAttributes.cs",".cs","// <autogenerated />
using System;
using System.Reflection;
[assembly: global::System.Runtime.Versioning.TargetFrameworkAttribute("".NETCoreApp,Version=v10.0"", FrameworkDisplayName = "".NET 10.0"")]
"
"Debug","C:\Users\Amjad\source\repos\DentalClinic\BookingService\obj\Debug\net10.0\BookingService.AssemblyInfo.cs","BookingService.AssemblyInfo.cs",".cs","//------------------------------------------------------------------------------
// <auto-generated>
//     This code was generated by a tool.
//
//     Changes to this file may cause incorrect behavior and will be lost if
//     the code is regenerated.
// </auto-generated>
//------------------------------------------------------------------------------

using System;
using System.Reflection;

[assembly: System.Reflection.AssemblyCompanyAttribute(""BookingService"")]
[assembly: System.Reflection.AssemblyConfigurationAttribute(""Debug"")]
[assembly: System.Reflection.AssemblyFileVersionAttribute(""1.0.0.0"")]
[assembly: System.Reflection.AssemblyInformationalVersionAttribute(""1.0.0"")]
[assembly: System.Reflection.AssemblyProductAttribute(""BookingService"")]
[assembly: System.Reflection.AssemblyTitleAttribute(""BookingService"")]
[assembly: System.Reflection.AssemblyVersionAttribute(""1.0.0.0"")]

// Generated by the MSBuild WriteCodeFragment class.

"
"Debug","C:\Users\Amjad\source\repos\DentalClinic\BookingService\obj\Debug\net10.0\BookingService.GlobalUsings.g.cs","BookingService.GlobalUsings.g.cs",".cs","// <auto-generated/>
global using Microsoft.AspNetCore.Builder;
global using Microsoft.AspNetCore.Hosting;
global using Microsoft.AspNetCore.Http;
global using Microsoft.AspNetCore.Routing;
global using Microsoft.Extensions.Configuration;
global using Microsoft.Extensions.DependencyInjection;
global using Microsoft.Extensions.Hosting;
global using Microsoft.Extensions.Logging;
global using System;
global using System.Collections.Generic;
global using System.IO;
global using System.Linq;
global using System.Net.Http;
global using System.Net.Http.Json;
global using System.Threading;
global using System.Threading.Tasks;
"
"BookingService","C:\Users\Amjad\source\repos\DentalClinic\BookingService\Properties\launchSettings.json","launchSettings.json",".json","{
  ""$schema"": ""https://json.schemastore.org/launchsettings.json"",
  ""profiles"": {
    ""http"": {
      ""commandName"": ""Project"",
      ""dotnetRunMessages"": true,
      ""launchBrowser"": false,
      ""applicationUrl"": ""http://localhost:5105"",
      ""environmentVariables"": {
        ""ASPNETCORE_ENVIRONMENT"": ""Development""
      }
    },
    ""https"": {
      ""commandName"": ""Project"",
      ""dotnetRunMessages"": true,
      ""launchBrowser"": false,
      ""applicationUrl"": ""https://localhost:7082;http://localhost:5105"",
      ""environmentVariables"": {
        ""ASPNETCORE_ENVIRONMENT"": ""Development""
      }
    }
  }
}
"
"DentalClinic","C:\Users\Amjad\source\repos\DentalClinic\BookingService\appsettings.Development.json","appsettings.Development.json",".json","{
  ""Logging"": {
    ""LogLevel"": {
      ""Default"": ""Information"",
      ""Microsoft.AspNetCore"": ""Warning""
    }
  }
}
"
"DentalClinic","C:\Users\Amjad\source\repos\DentalClinic\BookingService\appsettings.json","appsettings.json",".json","{
  ""Logging"": {
    ""LogLevel"": {
      ""Default"": ""Information"",
      ""Microsoft.AspNetCore"": ""Warning""
    }
  },
  ""AllowedHosts"": ""*""
}
"
"DentalClinic","C:\Users\Amjad\source\repos\DentalClinic\BookingService\BookingService.csproj","BookingService.csproj",".csproj","<Project Sdk=""Microsoft.NET.Sdk.Web"">

  <PropertyGroup>
    <TargetFramework>net10.0</TargetFramework>
    <Nullable>enable</Nullable>
    <ImplicitUsings>enable</ImplicitUsings>
  </PropertyGroup>

  <ItemGroup>
    <ProjectReference Include=""..\DentalClinic.ServiceDefaults\DentalClinic.ServiceDefaults.csproj"" />
  </ItemGroup>

</Project>
"
"DentalClinic","C:\Users\Amjad\source\repos\DentalClinic\BookingService\Program.cs","Program.cs",".cs","var builder = WebApplication.CreateBuilder(args);

builder.AddServiceDefaults(); // Aspire telemetry, health, service discovery

var app = builder.Build();

// ðŸ¦· ""Ø­Ø¬Ø² Ø§Ù„Ù…ÙˆØ¹Ø¯"": ÙŠÙ‚Ø¨Ù„ Ø§Ù„Ø­Ø¬Ø² ÙÙ‚Ø· Ø¥Ø°Ø§ Ù„Ù… ÙŠØªØ¬Ø§ÙˆØ² Ø¹Ø¯Ø¯ Ø§Ù„Ù…Ø±Ø¶Ù‰ Ø§Ù„ÙŠÙˆÙ…ÙŠ 10 (ÙƒÙ…Ø«Ø§Ù„ Ø¨Ø³ÙŠØ·)
app.MapPost(""/reserve"", (AppointmentRequest input, ILogger<Program> logger) =>
{
    var ok = input.NumberOfAppointmentsToday < 10;
    logger.LogInformation(""Booking for {PatientName} on {Date}: {Result}"",
        input.PatientName, input.Date, ok ? ""CONFIRMED"" : ""FULLY BOOKED"");

    return Results.Ok(new BookingResult(
        ok,
        ok ? ""Appointment reserved successfully"" : ""Clinic is fully booked for today""
    ));
});

app.MapDefaultEndpoints(); // health checks etc.
app.Run();

// DTOs
internal record AppointmentRequest(string PatientName, DateOnly Date, int NumberOfAppointmentsToday);

internal record BookingResult(bool Success, string Message);
"
"Aspire","C:\Users\Amjad\source\repos\DentalClinic\DentalClinic.AppHost\obj\Debug\net10.0\Aspire\references\AuthService_API.ProjectMetadata.g.cs","AuthService_API.ProjectMetadata.g.cs",".cs","// <auto-generated/>

namespace Projects;

#pragma warning disable CS8981 // The type name only contains lower-cased ascii characters. Such names may become reserved for the language.
/// <summary>
/// Metadata for the AuthService_API project.
/// </summary>
[global::System.CodeDom.Compiler.GeneratedCode(""Aspire.Hosting"", null)]
[global::System.Diagnostics.CodeAnalysis.ExcludeFromCodeCoverage(Justification = ""Generated code."")]
[global::System.Diagnostics.DebuggerDisplay(""Type = {GetType().Name,nq}, ProjectPath = {ProjectPath}"")]
public class AuthService_API : global::Aspire.Hosting.IProjectMetadata
#pragma warning restore CS8981
{
    /// <summary>
    /// The path to the AuthService_API project.
    /// </summary>
    public string ProjectPath => """"""C:\Users\Amjad\source\repos\DentalClinic\AuthService.API\AuthService.API.csproj"""""";

    /// <summary>
    /// Gets a value indicating whether building the project before running it should be suppressed.
    /// </summary>
    /// <remarks>
    /// Projects added via ProjectReference items in the AppHost project file are built as part of building the AppHost project process
    /// so building them again before running is unnecessary. This property always returns true.
    /// </remarks>
    public bool SuppressBuild => true;
}
"
"Aspire","C:\Users\Amjad\source\repos\DentalClinic\DentalClinic.AppHost\obj\Debug\net10.0\Aspire\references\BookingService.ProjectMetadata.g.cs","BookingService.ProjectMetadata.g.cs",".cs","// <auto-generated/>

namespace Projects;

#pragma warning disable CS8981 // The type name only contains lower-cased ascii characters. Such names may become reserved for the language.
/// <summary>
/// Metadata for the BookingService project.
/// </summary>
[global::System.CodeDom.Compiler.GeneratedCode(""Aspire.Hosting"", null)]
[global::System.Diagnostics.CodeAnalysis.ExcludeFromCodeCoverage(Justification = ""Generated code."")]
[global::System.Diagnostics.DebuggerDisplay(""Type = {GetType().Name,nq}, ProjectPath = {ProjectPath}"")]
public class BookingService : global::Aspire.Hosting.IProjectMetadata
#pragma warning restore CS8981
{
    /// <summary>
    /// The path to the BookingService project.
    /// </summary>
    public string ProjectPath => """"""C:\Users\Amjad\source\repos\DentalClinic\BookingService\BookingService.csproj"""""";

    /// <summary>
    /// Gets a value indicating whether building the project before running it should be suppressed.
    /// </summary>
    /// <remarks>
    /// Projects added via ProjectReference items in the AppHost project file are built as part of building the AppHost project process
    /// so building them again before running is unnecessary. This property always returns true.
    /// </remarks>
    public bool SuppressBuild => true;
}
"
"Aspire","C:\Users\Amjad\source\repos\DentalClinic\DentalClinic.AppHost\obj\Debug\net10.0\Aspire\references\BookingService_API.ProjectMetadata.g.cs","BookingService_API.ProjectMetadata.g.cs",".cs","// <auto-generated/>

namespace Projects;

#pragma warning disable CS8981 // The type name only contains lower-cased ascii characters. Such names may become reserved for the language.
/// <summary>
/// Metadata for the BookingService_API project.
/// </summary>
[global::System.CodeDom.Compiler.GeneratedCode(""Aspire.Hosting"", null)]
[global::System.Diagnostics.CodeAnalysis.ExcludeFromCodeCoverage(Justification = ""Generated code."")]
[global::System.Diagnostics.DebuggerDisplay(""Type = {GetType().Name,nq}, ProjectPath = {ProjectPath}"")]
public class BookingService_API : global::Aspire.Hosting.IProjectMetadata
#pragma warning restore CS8981
{
    /// <summary>
    /// The path to the BookingService_API project.
    /// </summary>
    public string ProjectPath => """"""C:\Users\Amjad\source\repos\DentalClinic\Booking\BookingService.API\BookingService.API.csproj"""""";

    /// <summary>
    /// Gets a value indicating whether building the project before running it should be suppressed.
    /// </summary>
    /// <remarks>
    /// Projects added via ProjectReference items in the AppHost project file are built as part of building the AppHost project process
    /// so building them again before running is unnecessary. This property always returns true.
    /// </remarks>
    public bool SuppressBuild => true;
}
"
"Aspire","C:\Users\Amjad\source\repos\DentalClinic\DentalClinic.AppHost\obj\Debug\net10.0\Aspire\references\DentistService_API.ProjectMetadata.g.cs","DentistService_API.ProjectMetadata.g.cs",".cs","// <auto-generated/>

namespace Projects;

#pragma warning disable CS8981 // The type name only contains lower-cased ascii characters. Such names may become reserved for the language.
/// <summary>
/// Metadata for the DentistService_API project.
/// </summary>
[global::System.CodeDom.Compiler.GeneratedCode(""Aspire.Hosting"", null)]
[global::System.Diagnostics.CodeAnalysis.ExcludeFromCodeCoverage(Justification = ""Generated code."")]
[global::System.Diagnostics.DebuggerDisplay(""Type = {GetType().Name,nq}, ProjectPath = {ProjectPath}"")]
public class DentistService_API : global::Aspire.Hosting.IProjectMetadata
#pragma warning restore CS8981
{
    /// <summary>
    /// The path to the DentistService_API project.
    /// </summary>
    public string ProjectPath => """"""C:\Users\Amjad\source\repos\DentalClinic\DentistService.API\DentistService.API.csproj"""""";

    /// <summary>
    /// Gets a value indicating whether building the project before running it should be suppressed.
    /// </summary>
    /// <remarks>
    /// Projects added via ProjectReference items in the AppHost project file are built as part of building the AppHost project process
    /// so building them again before running is unnecessary. This property always returns true.
    /// </remarks>
    public bool SuppressBuild => true;
}
"
"Aspire","C:\Users\Amjad\source\repos\DentalClinic\DentalClinic.AppHost\obj\Debug\net10.0\Aspire\references\GatewayService.ProjectMetadata.g.cs","GatewayService.ProjectMetadata.g.cs",".cs","// <auto-generated/>

namespace Projects;

#pragma warning disable CS8981 // The type name only contains lower-cased ascii characters. Such names may become reserved for the language.
/// <summary>
/// Metadata for the GatewayService project.
/// </summary>
[global::System.CodeDom.Compiler.GeneratedCode(""Aspire.Hosting"", null)]
[global::System.Diagnostics.CodeAnalysis.ExcludeFromCodeCoverage(Justification = ""Generated code."")]
[global::System.Diagnostics.DebuggerDisplay(""Type = {GetType().Name,nq}, ProjectPath = {ProjectPath}"")]
public class GatewayService : global::Aspire.Hosting.IProjectMetadata
#pragma warning restore CS8981
{
    /// <summary>
    /// The path to the GatewayService project.
    /// </summary>
    public string ProjectPath => """"""C:\Users\Amjad\source\repos\DentalClinic\GatewayService\GatewayService.csproj"""""";

    /// <summary>
    /// Gets a value indicating whether building the project before running it should be suppressed.
    /// </summary>
    /// <remarks>
    /// Projects added via ProjectReference items in the AppHost project file are built as part of building the AppHost project process
    /// so building them again before running is unnecessary. This property always returns true.
    /// </remarks>
    public bool SuppressBuild => true;
}
"
"Aspire","C:\Users\Amjad\source\repos\DentalClinic\DentalClinic.AppHost\obj\Debug\net10.0\Aspire\references\NotificationService_API.ProjectMetadata.g.cs","NotificationService_API.ProjectMetadata.g.cs",".cs","// <auto-generated/>

namespace Projects;

#pragma warning disable CS8981 // The type name only contains lower-cased ascii characters. Such names may become reserved for the language.
/// <summary>
/// Metadata for the NotificationService_API project.
/// </summary>
[global::System.CodeDom.Compiler.GeneratedCode(""Aspire.Hosting"", null)]
[global::System.Diagnostics.CodeAnalysis.ExcludeFromCodeCoverage(Justification = ""Generated code."")]
[global::System.Diagnostics.DebuggerDisplay(""Type = {GetType().Name,nq}, ProjectPath = {ProjectPath}"")]
public class NotificationService_API : global::Aspire.Hosting.IProjectMetadata
#pragma warning restore CS8981
{
    /// <summary>
    /// The path to the NotificationService_API project.
    /// </summary>
    public string ProjectPath => """"""C:\Users\Amjad\source\repos\DentalClinic\NotificationService.API\NotificationService.API.csproj"""""";

    /// <summary>
    /// Gets a value indicating whether building the project before running it should be suppressed.
    /// </summary>
    /// <remarks>
    /// Projects added via ProjectReference items in the AppHost project file are built as part of building the AppHost project process
    /// so building them again before running is unnecessary. This property always returns true.
    /// </remarks>
    public bool SuppressBuild => true;
}
"
"Aspire","C:\Users\Amjad\source\repos\DentalClinic\DentalClinic.AppHost\obj\Debug\net10.0\Aspire\references\OrchestratorService.ProjectMetadata.g.cs","OrchestratorService.ProjectMetadata.g.cs",".cs","// <auto-generated/>

namespace Projects;

#pragma warning disable CS8981 // The type name only contains lower-cased ascii characters. Such names may become reserved for the language.
/// <summary>
/// Metadata for the OrchestratorService project.
/// </summary>
[global::System.CodeDom.Compiler.GeneratedCode(""Aspire.Hosting"", null)]
[global::System.Diagnostics.CodeAnalysis.ExcludeFromCodeCoverage(Justification = ""Generated code."")]
[global::System.Diagnostics.DebuggerDisplay(""Type = {GetType().Name,nq}, ProjectPath = {ProjectPath}"")]
public class OrchestratorService : global::Aspire.Hosting.IProjectMetadata
#pragma warning restore CS8981
{
    /// <summary>
    /// The path to the OrchestratorService project.
    /// </summary>
    public string ProjectPath => """"""C:\Users\Amjad\source\repos\DentalClinic\OrchestratorService\OrchestratorService.csproj"""""";

    /// <summary>
    /// Gets a value indicating whether building the project before running it should be suppressed.
    /// </summary>
    /// <remarks>
    /// Projects added via ProjectReference items in the AppHost project file are built as part of building the AppHost project process
    /// so building them again before running is unnecessary. This property always returns true.
    /// </remarks>
    public bool SuppressBuild => true;
}
"
"Aspire","C:\Users\Amjad\source\repos\DentalClinic\DentalClinic.AppHost\obj\Debug\net10.0\Aspire\references\PatientService_API.ProjectMetadata.g.cs","PatientService_API.ProjectMetadata.g.cs",".cs","// <auto-generated/>

namespace Projects;

#pragma warning disable CS8981 // The type name only contains lower-cased ascii characters. Such names may become reserved for the language.
/// <summary>
/// Metadata for the PatientService_API project.
/// </summary>
[global::System.CodeDom.Compiler.GeneratedCode(""Aspire.Hosting"", null)]
[global::System.Diagnostics.CodeAnalysis.ExcludeFromCodeCoverage(Justification = ""Generated code."")]
[global::System.Diagnostics.DebuggerDisplay(""Type = {GetType().Name,nq}, ProjectPath = {ProjectPath}"")]
public class PatientService_API : global::Aspire.Hosting.IProjectMetadata
#pragma warning restore CS8981
{
    /// <summary>
    /// The path to the PatientService_API project.
    /// </summary>
    public string ProjectPath => """"""C:\Users\Amjad\source\repos\DentalClinic\PatientService.API\PatientService.API.csproj"""""";

    /// <summary>
    /// Gets a value indicating whether building the project before running it should be suppressed.
    /// </summary>
    /// <remarks>
    /// Projects added via ProjectReference items in the AppHost project file are built as part of building the AppHost project process
    /// so building them again before running is unnecessary. This property always returns true.
    /// </remarks>
    public bool SuppressBuild => true;
}
"
"Aspire","C:\Users\Amjad\source\repos\DentalClinic\DentalClinic.AppHost\obj\Debug\net10.0\Aspire\references\PaymentService.ProjectMetadata.g.cs","PaymentService.ProjectMetadata.g.cs",".cs","// <auto-generated/>

namespace Projects;

#pragma warning disable CS8981 // The type name only contains lower-cased ascii characters. Such names may become reserved for the language.
/// <summary>
/// Metadata for the PaymentService project.
/// </summary>
[global::System.CodeDom.Compiler.GeneratedCode(""Aspire.Hosting"", null)]
[global::System.Diagnostics.CodeAnalysis.ExcludeFromCodeCoverage(Justification = ""Generated code."")]
[global::System.Diagnostics.DebuggerDisplay(""Type = {GetType().Name,nq}, ProjectPath = {ProjectPath}"")]
public class PaymentService : global::Aspire.Hosting.IProjectMetadata
#pragma warning restore CS8981
{
    /// <summary>
    /// The path to the PaymentService project.
    /// </summary>
    public string ProjectPath => """"""C:\Users\Amjad\source\repos\DentalClinic\PaymentService\PaymentService.csproj"""""";

    /// <summary>
    /// Gets a value indicating whether building the project before running it should be suppressed.
    /// </summary>
    /// <remarks>
    /// Projects added via ProjectReference items in the AppHost project file are built as part of building the AppHost project process
    /// so building them again before running is unnecessary. This property always returns true.
    /// </remarks>
    public bool SuppressBuild => true;
}
"
"Aspire","C:\Users\Amjad\source\repos\DentalClinic\DentalClinic.AppHost\obj\Debug\net10.0\Aspire\references\PaymentService_API.ProjectMetadata.g.cs","PaymentService_API.ProjectMetadata.g.cs",".cs","// <auto-generated/>

namespace Projects;

#pragma warning disable CS8981 // The type name only contains lower-cased ascii characters. Such names may become reserved for the language.
/// <summary>
/// Metadata for the PaymentService_API project.
/// </summary>
[global::System.CodeDom.Compiler.GeneratedCode(""Aspire.Hosting"", null)]
[global::System.Diagnostics.CodeAnalysis.ExcludeFromCodeCoverage(Justification = ""Generated code."")]
[global::System.Diagnostics.DebuggerDisplay(""Type = {GetType().Name,nq}, ProjectPath = {ProjectPath}"")]
public class PaymentService_API : global::Aspire.Hosting.IProjectMetadata
#pragma warning restore CS8981
{
    /// <summary>
    /// The path to the PaymentService_API project.
    /// </summary>
    public string ProjectPath => """"""C:\Users\Amjad\source\repos\DentalClinic\Payment\PaymentService.API\PaymentService.API.csproj"""""";

    /// <summary>
    /// Gets a value indicating whether building the project before running it should be suppressed.
    /// </summary>
    /// <remarks>
    /// Projects added via ProjectReference items in the AppHost project file are built as part of building the AppHost project process
    /// so building them again before running is unnecessary. This property always returns true.
    /// </remarks>
    public bool SuppressBuild => true;
}
"
"Aspire","C:\Users\Amjad\source\repos\DentalClinic\DentalClinic.AppHost\obj\Debug\net10.0\Aspire\references\_AppHost.ProjectMetadata.g.cs","_AppHost.ProjectMetadata.g.cs",".cs","// <auto-generated/>

namespace Projects;

#pragma warning disable CS8981 // The type name only contains lower-cased ascii characters. Such names may become reserved for the language.
/// <summary>
/// Metadata for the Aspire AppHost project.
/// </summary>
[global::System.CodeDom.Compiler.GeneratedCode(""Aspire.Hosting"", null)]
[global::System.Diagnostics.CodeAnalysis.ExcludeFromCodeCoverage(Justification = ""Generated code."")]
[global::System.Diagnostics.DebuggerDisplay(""Type = {GetType().Name,nq}, ProjectPath = {ProjectPath}"")]
public class DentalClinic_AppHost
#pragma warning restore CS8981
{
    private DentalClinic_AppHost() { }

    /// <summary>
    /// The path to the Aspire Host project.
    /// </summary>
    public static string ProjectPath => """"""C:\Users\Amjad\source\repos\DentalClinic\DentalClinic.AppHost"""""";
}
"
"Debug","C:\Users\Amjad\source\repos\DentalClinic\DentalClinic.AppHost\obj\Debug\net10.0\.NETCoreApp,Version=v10.0.AssemblyAttributes.cs",".NETCoreApp,Version=v10.0.AssemblyAttributes.cs",".cs","// <autogenerated />
using System;
using System.Reflection;
[assembly: global::System.Runtime.Versioning.TargetFrameworkAttribute("".NETCoreApp,Version=v10.0"", FrameworkDisplayName = "".NET 10.0"")]
"
"Debug","C:\Users\Amjad\source\repos\DentalClinic\DentalClinic.AppHost\obj\Debug\net10.0\DentalClinic.AppHost.AssemblyInfo.cs","DentalClinic.AppHost.AssemblyInfo.cs",".cs","//------------------------------------------------------------------------------
// <auto-generated>
//     This code was generated by a tool.
//     Runtime Version:4.0.30319.42000
//
//     Changes to this file may cause incorrect behavior and will be lost if
//     the code is regenerated.
// </auto-generated>
//------------------------------------------------------------------------------

using System;
using System.Reflection;

[assembly: Microsoft.Extensions.Configuration.UserSecrets.UserSecretsIdAttribute(""79717979-7350-4c3e-94b4-c865ad9d7e92"")]
[assembly: System.Reflection.AssemblyMetadata(""dcpclipath"", ""C:\\Users\\Amjad\\.nuget\\packages\\aspire.hosting.orchestration.win-x64\\13.0.0\\tools\\"" +
    ""dcp.exe"")]
[assembly: System.Reflection.AssemblyMetadata(""dcpextensionpaths"", ""C:\\Users\\Amjad\\.nuget\\packages\\aspire.hosting.orchestration.win-x64\\13.0.0\\tools\\"" +
    ""ext\\"")]
[assembly: System.Reflection.AssemblyMetadata(""dcpbinpath"", ""C:\\Users\\Amjad\\.nuget\\packages\\aspire.hosting.orchestration.win-x64\\13.0.0\\tools\\"" +
    ""ext\\bin\\"")]
[assembly: System.Reflection.AssemblyMetadata(""apphostprojectpath"", ""C:\\Users\\Amjad\\source\\repos\\DentalClinic\\DentalClinic.AppHost"")]
[assembly: System.Reflection.AssemblyMetadata(""apphostprojectname"", ""DentalClinic.AppHost.csproj"")]
[assembly: System.Reflection.AssemblyMetadata(""aspiredashboardpath"", ""C:\\Users\\Amjad\\.nuget\\packages\\aspire.dashboard.sdk.win-x64\\13.0.0\\tools\\Aspire.D"" +
    ""ashboard.exe"")]
[assembly: System.Reflection.AssemblyMetadataAttribute(""apphostprojectbaseintermediateoutputpath"", ""C:\\Users\\Amjad\\source\\repos\\DentalClinic\\DentalClinic.AppHost\\obj\\"")]
[assembly: System.Reflection.AssemblyCompanyAttribute(""DentalClinic.AppHost"")]
[assembly: System.Reflection.AssemblyConfigurationAttribute(""Debug"")]
[assembly: System.Reflection.AssemblyFileVersionAttribute(""1.0.0.0"")]
[assembly: System.Reflection.AssemblyInformationalVersionAttribute(""1.0.0"")]
[assembly: System.Reflection.AssemblyProductAttribute(""DentalClinic.AppHost"")]
[assembly: System.Reflection.AssemblyTitleAttribute(""DentalClinic.AppHost"")]
[assembly: System.Reflection.AssemblyVersionAttribute(""1.0.0.0"")]

// Generated by the MSBuild WriteCodeFragment class.

"
"Debug","C:\Users\Amjad\source\repos\DentalClinic\DentalClinic.AppHost\obj\Debug\net10.0\DentalClinic.AppHost.GlobalUsings.g.cs","DentalClinic.AppHost.GlobalUsings.g.cs",".cs","// <auto-generated/>
global using Aspire.Hosting;
global using Aspire.Hosting.ApplicationModel;
global using System;
global using System.Collections.Generic;
global using System.IO;
global using System.Linq;
global using System.Net.Http;
global using System.Threading;
global using System.Threading.Tasks;
"
"DentalClinic.AppHost","C:\Users\Amjad\source\repos\DentalClinic\DentalClinic.AppHost\Properties\launchSettings.json","launchSettings.json",".json","{
  ""$schema"": ""https://json.schemastore.org/launchsettings.json"",
  ""profiles"": {
    ""https"": {
      ""commandName"": ""Project"",
      ""dotnetRunMessages"": true,
      ""launchBrowser"": true,
      ""applicationUrl"": ""https://localhost:17140;http://localhost:15048"",
      ""environmentVariables"": {
        ""ASPNETCORE_ENVIRONMENT"": ""Development"",
        ""DOTNET_ENVIRONMENT"": ""Development"",
        ""ASPIRE_DASHBOARD_OTLP_ENDPOINT_URL"": ""https://localhost:21261"",
        ""ASPIRE_RESOURCE_SERVICE_ENDPOINT_URL"": ""https://localhost:22094""
      }
    },
    ""http"": {
      ""commandName"": ""Project"",
      ""dotnetRunMessages"": true,
      ""launchBrowser"": true,
      ""applicationUrl"": ""http://localhost:15048"",
      ""environmentVariables"": {
        ""ASPNETCORE_ENVIRONMENT"": ""Development"",
        ""DOTNET_ENVIRONMENT"": ""Development"",
        ""ASPIRE_DASHBOARD_OTLP_ENDPOINT_URL"": ""http://localhost:19032"",
        ""ASPIRE_RESOURCE_SERVICE_ENDPOINT_URL"": ""http://localhost:20208""
      }
    }
  }
}
"
"DentalClinic.AppHost","C:\Users\Amjad\source\repos\DentalClinic\DentalClinic.AppHost\AppHost.cs","AppHost.cs",".cs","using Aspire.Hosting;
using CommunityToolkit.Aspire.Hosting.Dapr;

var builder = DistributedApplication.CreateBuilder(args);

// ðŸ¦· Booking Service
var booking = builder
    .AddProject(""bookingservice"", @""..\Booking\BookingService.API\BookingService.API.csproj"")
    .WithDaprSidecar(new DaprSidecarOptions { AppId = ""bookingservice"" });

// ðŸ’³ Payment Service
var payment = builder
    .AddProject(""paymentservice"", @""..\Payment\PaymentService.API\PaymentService.API.csproj"")
    .WithDaprSidecar(new DaprSidecarOptions { AppId = ""paymentservice"" });

// ðŸ“© Notification Service
var notification = builder
    .AddProject(""notificationservice"", @""..\NotificationService.API\NotificationService.API.csproj"")
    .WithDaprSidecar(new DaprSidecarOptions { AppId = ""notificationservice"" })
    .WithReference(booking)
    .WaitFor(booking);

// ðŸ” Auth Service  (Ø¨Ø¯ÙˆÙ† Dapr)
var auth = builder
    .AddProject(""authservice"", @""..\AuthService.API\AuthService.API.csproj"");

// ðŸ‘¤ Patient Service (Ø¨Ø¯ÙˆÙ† Dapr)
var patient = builder
    .AddProject(""patientservice"", @""..\PatientService.API\PatientService.API.csproj"");

// ðŸ¦· Dentist Service (Ø¨Ø¯ÙˆÙ† Dapr)
var dentist = builder
    .AddProject(""dentistservice"", @""..\DentistService.API\DentistService.API.csproj"");

// ðŸ” Orchestrator (workflow)
var orchestrator = builder
    .AddProject(""orchestratorservice"", @""..\OrchestratorService\OrchestratorService.csproj"")
    .WithReference(booking)
    .WithReference(payment)
    .WithReference(notification)
    .WaitFor(booking)
    .WaitFor(payment)
    .WithDaprSidecar(new DaprSidecarOptions { AppId = ""orchestratorservice"" });

// ðŸŒ Gateway
var gateway = builder
    .AddProject(""gatewayservice"", @""..\GatewayService\GatewayService.csproj"")
    .WithReference(orchestrator)
    .WithReference(auth)
    .WithReference(patient)
    .WithReference(dentist)
    .WaitFor(auth)
    .WaitFor(patient)
    .WaitFor(dentist)
    .WaitFor(orchestrator);

// ðŸ’» Frontend
 var cms = builder
    .AddProject(""umbraco"", @""..\DentalClinic.Cms\DentalClinic.Cms.csproj"")
    .WithReference(gateway)    // Ø§Ø®ØªÙŠØ§Ø±ÙŠØ§Ù‹ Ù„Ùˆ ØªØ­ØªØ§Ø¬ Ø§Ø³ØªØ¯Ø¹Ø§Ø¡ APIs
    .WaitFor(gateway);


builder.Build().Run();
"
"DentalClinic.AppHost","C:\Users\Amjad\source\repos\DentalClinic\DentalClinic.AppHost\appsettings.Development.json","appsettings.Development.json",".json","{
  ""Logging"": {
    ""LogLevel"": {
      ""Default"": ""Information"",
      ""Microsoft.AspNetCore"": ""Warning""
    }
  }
}
"
"DentalClinic.AppHost","C:\Users\Amjad\source\repos\DentalClinic\DentalClinic.AppHost\appsettings.json","appsettings.json",".json","{
  ""Logging"": {
    ""LogLevel"": {
      ""Default"": ""Information"",
      ""Microsoft.AspNetCore"": ""Warning"",
      ""Aspire.Hosting.Dcp"": ""Warning""
    }
  }
}
"
"DentalClinic.AppHost","C:\Users\Amjad\source\repos\DentalClinic\DentalClinic.AppHost\DentalClinic.AppHost.csproj","DentalClinic.AppHost.csproj",".csproj","<Project Sdk=""Microsoft.NET.Sdk"">

  <Sdk Name=""Aspire.AppHost.Sdk"" Version=""9.5.1"" />

  <PropertyGroup>
    <OutputType>Exe</OutputType>
    <TargetFramework>net10.0</TargetFramework>
    <ImplicitUsings>enable</ImplicitUsings>
    <Nullable>enable</Nullable>
    <UserSecretsId>79717979-7350-4c3e-94b4-c865ad9d7e92</UserSecretsId>
  </PropertyGroup>

  <ItemGroup>
    <PackageReference Include=""Aspire.Hosting.AppHost"" Version=""13.0.0"" />
    <PackageReference Include=""CommunityToolkit.Aspire.Hosting.Dapr"" Version=""9.9.0"" />
  </ItemGroup>

  <ItemGroup>
    <ProjectReference Include=""..\AuthService.API\AuthService.API.csproj"" />
    <ProjectReference Include=""..\BookingService\BookingService.csproj"" />
    <ProjectReference Include=""..\Booking\BookingService.API\BookingService.API.csproj"" />
    <ProjectReference Include=""..\DentistService.API\DentistService.API.csproj"" />
    <ProjectReference Include=""..\GatewayService\GatewayService.csproj"" />
    <ProjectReference Include=""..\NotificationService.API\NotificationService.API.csproj"" />
    <ProjectReference Include=""..\OrchestratorService\OrchestratorService.csproj"" />
    <ProjectReference Include=""..\PatientService.API\PatientService.API.csproj"" />
    <ProjectReference Include=""..\PaymentService\PaymentService.csproj"" />
    <ProjectReference Include=""..\Payment\PaymentService.API\PaymentService.API.csproj"" />
  </ItemGroup>

</Project>
"
"Debug","C:\Users\Amjad\source\repos\DentalClinic\DentalClinic.Cms\bin\Debug\net9.0\appsettings.Development.json","appsettings.Development.json",".json","{
  ""$schema"": ""appsettings-schema.json"",
  ""Serilog"": {
    ""MinimumLevel"": {
      ""Default"": ""Information""
    },
    ""WriteTo"": [
      {
        ""Name"": ""Async"",
        ""Args"": {
          ""configure"": [
            {
              ""Name"": ""Console""
            }
          ]
        }
      }
    ]
  },
  ""Umbraco"": {
    ""CMS"": {
      ""Content"": {
        ""MacroErrors"": ""Throw""
      },
      ""Hosting"": {
        ""Debug"": true
      }
    }
  }
}
"
"Debug","C:\Users\Amjad\source\repos\DentalClinic\DentalClinic.Cms\bin\Debug\net9.0\appsettings.json","appsettings.json",".json","{
  ""$schema"": ""appsettings-schema.json"",
  ""Serilog"": {
    ""MinimumLevel"": {
      ""Default"": ""Information"",
      ""Override"": {
        ""Microsoft"": ""Warning"",
        ""Microsoft.Hosting.Lifetime"": ""Information"",
        ""System"": ""Warning""
      }
    }
  },
  ""Umbraco"": {
    ""CMS"": {
      ""Global"": {
        ""Id"": ""6338a3ff-6916-45e4-b715-94d7877df858"",
        ""SanitizeTinyMce"": true
      },
      ""Content"": {
        ""AllowEditInvariantFromNonDefault"": true,
        ""ContentVersionCleanupPolicy"": {
          ""EnableCleanup"": true
        }
      },
      ""Unattended"": {
        ""UpgradeUnattended"": true
      },
      ""Security"": {
        ""AllowConcurrentLogins"": false
      }
    }
  },
  ""ConnectionStrings"": {
    ""umbracoDbDSN"": ""Data Source=|DataDirectory|/Umbraco.sqlite.db;Cache=Shared;Foreign Keys=True;Pooling=True"",
    ""umbracoDbDSN_ProviderName"": ""Microsoft.Data.Sqlite""
  }
}"
"DentalClinic.Cms","C:\Users\Amjad\source\repos\DentalClinic\DentalClinic.Cms\Controllers\BookingController.cs","BookingController.cs",".cs","using Microsoft.AspNetCore.Mvc;
using Umbraco.Cms.Web.Website.Controllers;
using Umbraco.Cms.Core.Cache;
using Umbraco.Cms.Core.Logging;
using Umbraco.Cms.Core.Services;
using Umbraco.Cms.Core.Web;
using Umbraco.Cms.Infrastructure.Persistence;
using Umbraco.Cms.Core.Routing;
using Microsoft.AspNetCore.Http;

using DentalClinic.Cms.Models;
using DentalClinic.Cms.Services;
using System.Linq;
using System.Threading.Tasks;

namespace DentalClinic.Cms.Controllers
{
    public class BookingController : SurfaceController
    {
        private readonly IAppointmentApiClient _appointmentApi;
        private readonly IAuthApiClient _authApi;
        private readonly IDentistApiClient _dentistApi;
        private readonly IHttpContextAccessor _httpContextAccessor;

        public BookingController(
            IUmbracoContextAccessor umbracoContextAccessor,
            IUmbracoDatabaseFactory databaseFactory,
            ServiceContext services,
            AppCaches appCaches,
            IProfilingLogger logger,
            IPublishedUrlProvider publishedUrlProvider,
            IAppointmentApiClient appointmentApi,
            IAuthApiClient authApi,
            IDentistApiClient dentistApi,
            IHttpContextAccessor httpContextAccessor
        ) : base(umbracoContextAccessor, databaseFactory, services, appCaches, logger, publishedUrlProvider)
        {
            _appointmentApi = appointmentApi;
            _authApi = authApi;
            _dentistApi = dentistApi;
            _httpContextAccessor = httpContextAccessor;
        }

        // -----------------------------------------------------
        // POST — Submitting the booking
        // -----------------------------------------------------
        [HttpPost]
        public async Task<IActionResult> SubmitBooking(BookingFormModel model)
        {
            // 1) Validation على المدخلات
            if (!ModelState.IsValid)
            {
                var errors = ModelState.Values
                    .SelectMany(v => v.Errors)
                    .Select(e => e.ErrorMessage)
                    .ToList();

                TempData[""errors""] = string.Join("" | "", errors);
                return CurrentUmbracoPage();
            }

            // 2) التأكد من أن المستخدم مسجّل الدخول
            var token = _httpContextAccessor.HttpContext?.Session.GetString(""jwt"");

            if (string.IsNullOrEmpty(token))
            {
                TempData[""errors""] = ""You must be logged in before booking an appointment."";
                return CurrentUmbracoPage();
            }

            _appointmentApi.SetAuthToken(token);

            // 3) استدعاء الـ Gateway لإنشاء الموعد
            var appointmentId = await _appointmentApi.CreateAppointmentAsync(model);

            if (appointmentId == null)
            {
                TempData[""errors""] = ""Failed to create booking through Gateway."";
                return CurrentUmbracoPage();
            }

            // 4) تحويل المستخدم إلى صفحة الدفع مع المبلغ
            decimal amount = 250m;
            TempData[""message""] = ""Booking created. Redirecting to payment..."";

            return Redirect($""/Payment?bookingId={appointmentId}&amount={amount}"");
        }
    }
}
"
"DentalClinic.Cms","C:\Users\Amjad\source\repos\DentalClinic\DentalClinic.Cms\Controllers\BookingPageController.cs","BookingPageController.cs",".cs","using DentalClinic.Cms.Models;
using DentalClinic.Cms.Services;
using Microsoft.AspNetCore.Mvc;
using Microsoft.AspNetCore.Mvc.ViewEngines;
using Microsoft.Extensions.Logging;
using System.Linq;
using Umbraco.Cms.Core.Web;
using Umbraco.Cms.Web.Common.Controllers;

namespace DentalClinic.Cms.Controllers
{
    public class BookingPageController : RenderController
    {
        private readonly IDentistApiClient _dentistApi;

        public BookingPageController(
            ILogger<RenderController> logger,
            ICompositeViewEngine viewEngine,
            IUmbracoContextAccessor umbracoContextAccessor,
            IDentistApiClient dentistApi
        ) : base(logger, viewEngine, umbracoContextAccessor)
        {
            _dentistApi = dentistApi;
        }

        public override IActionResult Index()
        {
            // Async call — safe sync wrapper
            var apiDentists = _dentistApi
                .GetDentistsAsync()
                .GetAwaiter()
                .GetResult();

            var dentists = apiDentists.Select(d => new DentistViewModel
            {
                Id = d.Id,
                FullName = d.FullName
            }).ToList();

            var vm = new BookingViewModel
            {
                Dentists = dentists
            };

            return CurrentTemplate(vm);
        }
    }
}
"
"DentalClinic.Cms","C:\Users\Amjad\source\repos\DentalClinic\DentalClinic.Cms\Controllers\DentistDashboardController.cs","DentistDashboardController.cs",".cs","using DentalClinic.Cms.Services;
using Microsoft.AspNetCore.Mvc;
using Umbraco.Cms.Web.Website.Controllers;
using Umbraco.Cms.Core.Web;
using Umbraco.Cms.Infrastructure.Persistence;
using Umbraco.Cms.Core.Services;
using Umbraco.Cms.Core.Cache;
using Umbraco.Cms.Core.Logging;
using Umbraco.Cms.Core.Routing;
using Microsoft.AspNetCore.Http;

namespace DentalClinic.Cms.Controllers
{
    public class DentistDashboardController : SurfaceController
    {
        private readonly IAppointmentApiClient _appointments;
        private readonly IHttpContextAccessor _http;

        public DentistDashboardController(
            IUmbracoContextAccessor umbracoContextAccessor,
            IUmbracoDatabaseFactory databaseFactory,
            ServiceContext services,
            AppCaches appCaches,
            IProfilingLogger logger,
            IPublishedUrlProvider publishedUrlProvider,
            IAppointmentApiClient appointments,
            IHttpContextAccessor http
        ) : base(umbracoContextAccessor, databaseFactory, services, appCaches, logger, publishedUrlProvider)
        {
            _appointments = appointments;
            _http = http;
        }

        [HttpPost]
        public async Task<IActionResult> Confirm(Guid appointmentId)
        {
            var http = _http.HttpContext!;
            var token = http.Session.GetString(""jwt"");
            var role = http.Session.GetString(""CurrentUserRole"");

            if (token == null)
            {
                TempData[""dashboardMessage""] = ""You must be logged in."";
                return Redirect(""/login"");
            }

            if (!string.Equals(role, ""Dentist"", StringComparison.OrdinalIgnoreCase))
            {
                TempData[""dashboardMessage""] = ""You are not allowed to perform this action."";
                return Redirect(""/Dentist-Dashboard"");
            }

            _appointments.SetAuthToken(token);

            var ok = await _appointments.ConfirmAppointmentAsync(appointmentId);

            TempData[""dashboardMessage""] = ok
                ? ""Appointment confirmed.""
                : ""Error confirming appointment."";

            return Redirect(""/Dentist-Dashboard"");
        }

        [HttpPost]
        public async Task<IActionResult> Cancel(Guid appointmentId)
        {
            var http = _http.HttpContext!;
            var token = http.Session.GetString(""jwt"");
            var role = http.Session.GetString(""CurrentUserRole"");

            if (token == null)
            {
                TempData[""dashboardMessage""] = ""You must be logged in."";
                return Redirect(""/login"");
            }

            if (!string.Equals(role, ""Dentist"", StringComparison.OrdinalIgnoreCase))
            {
                TempData[""dashboardMessage""] = ""You are not allowed to perform this action."";
                return Redirect(""/Dentist-Dashboard"");
            }

            _appointments.SetAuthToken(token);

            var ok = await _appointments.CancelAppointmentAsync(appointmentId);

            TempData[""dashboardMessage""] = ok
                ? ""Appointment cancelled.""
                : ""Error cancelling appointment."";

            return Redirect(""/Dentist-Dashboard"");
        }
    }
}
"
"DentalClinic.Cms","C:\Users\Amjad\source\repos\DentalClinic\DentalClinic.Cms\Controllers\LoginController.cs","LoginController.cs",".cs","using DentalClinic.Cms.Models;
using DentalClinic.Cms.Services;
using Microsoft.AspNetCore.Http;
using Microsoft.AspNetCore.Mvc;
using System.Linq;
using Umbraco.Cms.Core.Cache;
using Umbraco.Cms.Core.Logging;
using Umbraco.Cms.Core.Routing;
using Umbraco.Cms.Core.Services;
using Umbraco.Cms.Core.Web;
using Umbraco.Cms.Infrastructure.Persistence;
using Umbraco.Cms.Web.Website.Controllers;

namespace DentalClinic.Cms.Controllers
{
    public class LoginController : SurfaceController
    {
        private readonly IAuthApiClient _authClient;
        private readonly IHttpContextAccessor _http;

        public LoginController(
            IUmbracoContextAccessor umbracoContextAccessor,
            IUmbracoDatabaseFactory databaseFactory,
            ServiceContext services,
            AppCaches appCaches,
            IProfilingLogger logger,
            IPublishedUrlProvider publishedUrlProvider,
            IAuthApiClient authClient,
            IHttpContextAccessor http
        ) : base(umbracoContextAccessor, databaseFactory, services, appCaches, logger, publishedUrlProvider)
        {
            _authClient = authClient;
            _http = http;
        }

        // 🔹 تسجيل الدخول
        [HttpPost]
        // لا نستخدم ValidateAntiForgeryToken في الـ MVP لتجنّب 400
        public async Task<IActionResult> SubmitLogin(LoginFormModel model)
        {
            // 1) التحقق من صحة المدخلات
            if (!ModelState.IsValid)
            {
                var errors = ModelState.Values
                    .SelectMany(v => v.Errors)
                    .Select(e => e.ErrorMessage)
                    .ToList();

                TempData[""errors""] = string.Join("" | "", errors);
                return RedirectToCurrentUmbracoPage();
            }

            // 2) استدعاء AuthService عبر IAuthApiClient
            var loginResult = await _authClient.LoginAsync(model.Email, model.Password);

            if (loginResult == null || string.IsNullOrEmpty(loginResult.token))
            {
                TempData[""errors""] = ""Invalid email or password."";
                return RedirectToCurrentUmbracoPage();
            }

            var http = _http.HttpContext!;

            // 3) حفظ التوكن في Session
            http.Session.SetString(""jwt"", loginResult.token);
            http.Session.SetString(""CurrentUserEmail"", model.Email);

            // 4) حفظ الدور في Session (Patient أو Dentist)
            var roleValue = loginResult.role ?? ""Patient"";
            http.Session.SetString(""CurrentUserRole"", roleValue);

            TempData[""message""] = ""You are now logged in."";

            return Redirect(""/"");
        }

        // 🔹 تسجيل الخروج
        [HttpPost]
        // برضه بدون ValidateAntiForgeryToken في الـ MVP
        public IActionResult Logout()
        {
            var http = _http.HttpContext;

            if (http != null)
            {
                http.Session.Remove(""jwt"");
                http.Session.Remove(""CurrentUserEmail"");
                http.Session.Remove(""CurrentUserName"");
                http.Session.Remove(""CurrentUserRole"");
                // أو http.Session.Clear();
            }

            TempData[""message""] = ""You have been logged out."";

            return Redirect(""/"");
        }
    }
}
"
"DentalClinic.Cms","C:\Users\Amjad\source\repos\DentalClinic\DentalClinic.Cms\Controllers\MyAppointmentsController.cs","MyAppointmentsController.cs",".cs","using DentalClinic.Cms.Services;
using Microsoft.AspNetCore.Mvc;
using Umbraco.Cms.Web.Website.Controllers;
using Umbraco.Cms.Core.Web;
using Umbraco.Cms.Infrastructure.Persistence;
using Umbraco.Cms.Core.Services;
using Umbraco.Cms.Core.Cache;
using Umbraco.Cms.Core.Logging;
using Umbraco.Cms.Core.Routing;

namespace DentalClinic.Cms.Controllers
{
    public class MyAppointmentsController : SurfaceController
    {
        private readonly IAppointmentApiClient _appointments;
        private readonly IHttpContextAccessor _http;

        public MyAppointmentsController(
            IUmbracoContextAccessor umbracoContextAccessor,
            IUmbracoDatabaseFactory databaseFactory,
            ServiceContext services,
            AppCaches appCaches,
            IProfilingLogger logger,
            IPublishedUrlProvider publishedUrlProvider,
            IAppointmentApiClient appointments,
            IHttpContextAccessor http
        ) : base(umbracoContextAccessor, databaseFactory, services, appCaches, logger, publishedUrlProvider)
        {
            _appointments = appointments;
            _http = http;
        }

        [HttpPost]
        public async Task<IActionResult> Cancel(Guid appointmentId)
        {
            var token = _http.HttpContext!.Session.GetString(""jwt"");

            if (token == null)
            {
                TempData[""message""] = ""You must be logged in."";
                return Redirect(""/login"");
            }

            _appointments.SetAuthToken(token);

            var ok = await _appointments.CancelAppointmentAsync(appointmentId);

            TempData[""message""] = ok ? ""Appointment cancelled."" : ""Error cancelling appointment."";

            return Redirect(""/MyAppointments"");
        }
    }
}
"
"DentalClinic.Cms","C:\Users\Amjad\source\repos\DentalClinic\DentalClinic.Cms\Controllers\MyAppointmentsPageController.cs","MyAppointmentsPageController.cs",".cs","using Microsoft.AspNetCore.Mvc;
using Microsoft.AspNetCore.Mvc.ViewEngines;
using Microsoft.Extensions.Logging;
using Umbraco.Cms.Core.Web;
using Umbraco.Cms.Web.Common.Controllers;

namespace DentalClinic.Cms.Controllers
{
    public class MyAppointmentsPageController : RenderController
    {
        public MyAppointmentsPageController(
            ILogger<RenderController> logger,
            ICompositeViewEngine viewEngine,
            IUmbracoContextAccessor umbracoContextAccessor
        ) : base(logger, viewEngine, umbracoContextAccessor)
        {
        }

        public override IActionResult Index()
        {
            // ✅ لا نرسل List ولا شيء، فقط الـ Content الحالي
            return CurrentTemplate(CurrentPage);
        }
    }
}
"
"DentalClinic.Cms","C:\Users\Amjad\source\repos\DentalClinic\DentalClinic.Cms\Controllers\PaymentSurfaceController.cs","PaymentSurfaceController.cs",".cs","using DentalClinic.Cms.Models;
using Microsoft.AspNetCore.Mvc;
using Microsoft.Extensions.Logging;
using System;
using System.Linq;
using System.Net.Http;
using System.Net.Http.Json;
using System.Threading.Tasks;
using Umbraco.Cms.Core.Cache;
using Umbraco.Cms.Core.Logging;
using Umbraco.Cms.Core.Routing;
using Umbraco.Cms.Core.Services;
using Umbraco.Cms.Core.Web;
using Umbraco.Cms.Infrastructure.Persistence;
using Umbraco.Cms.Web.Website.Controllers;

namespace DentalClinic.Cms.Controllers
{
    public class PaymentSurfaceController : SurfaceController
    {
        private readonly IHttpClientFactory _httpClientFactory;
        private readonly ILogger<PaymentSurfaceController> _logger;

        public PaymentSurfaceController(
            IUmbracoContextAccessor umbracoContextAccessor,
            IUmbracoDatabaseFactory databaseFactory,
            ServiceContext services,
            AppCaches appCaches,
            IProfilingLogger logger,
            IPublishedUrlProvider publishedUrlProvider,
            IHttpClientFactory httpClientFactory,
            ILogger<PaymentSurfaceController> paymentLogger)
            : base(umbracoContextAccessor, databaseFactory, services, appCaches, logger, publishedUrlProvider)
        {
            _httpClientFactory = httpClientFactory;
            _logger = paymentLogger;
        }

        [HttpPost]
        // [ValidateAntiForgeryToken] // نتركها معطّلة حالياً لتجنب 400
        public async Task<IActionResult> Submit(PaymentFormViewModel model)
        {
            // 1) Validation على المدخلات
            if (!ModelState.IsValid)
            {
                var errors = ModelState.Values
                    .SelectMany(v => v.Errors)
                    .Select(e => e.ErrorMessage)
                    .ToList();

                TempData[""PaymentError""] = string.Join("" | "", errors);
                return CurrentUmbracoPage();
            }

            if (model.Amount <= 0)
            {
                TempData[""PaymentError""] = ""Invalid amount."";
                return CurrentUmbracoPage();
            }

            try
            {
                // 👈 هذا الـ HttpClient مسجّل في Program.cs باسم ""PaymentService""
                var client = _httpClientFactory.CreateClient(""PaymentService"");

                var request = new
                {
                    PatientName = model.CardHolderName,
                    Amount = model.Amount
                };

                // ✅ نرسل الطلب إلى PaymentService.API على /charge
                var response = await client.PostAsJsonAsync(""/charge"", request);

                if (!response.IsSuccessStatusCode)
                {
                    TempData[""PaymentError""] = ""Payment failed. Try again."";
                    return CurrentUmbracoPage();
                }

                var result = await response.Content.ReadFromJsonAsync<PaymentResultDto>();

                if (result != null && result.Success)
                {
                    TempData[""PaymentSuccess""] = result.Message;
                }
                else
                {
                    TempData[""PaymentError""] = result?.Message ?? ""Payment was not successful."";
                }
            }
            catch (Exception ex)
            {
                _logger.LogError(ex, ""Error while processing payment."");
                TempData[""PaymentError""] = ""A system error occurred while processing payment."";
            }

            // نرجع لنفس صفحة الـ Payment ليظهر الرسالة
            return CurrentUmbracoPage();
        }

        private class PaymentResultDto
        {
            public bool Success { get; set; }
            public string Message { get; set; }
        }
    }
}
"
"DentalClinic.Cms","C:\Users\Amjad\source\repos\DentalClinic\DentalClinic.Cms\Controllers\RegisterController.cs","RegisterController.cs",".cs","using Microsoft.AspNetCore.Mvc;
using Umbraco.Cms.Web.Website.Controllers;
using Umbraco.Cms.Core.Cache;
using Umbraco.Cms.Core.Logging;
using Umbraco.Cms.Core.Services;
using Umbraco.Cms.Core.Web;
using Umbraco.Cms.Infrastructure.Persistence;
using DentalClinic.Cms.Services;
using DentalClinic.Cms.Models;
using Umbraco.Cms.Core.Routing;
using Microsoft.AspNetCore.Http;
using System.Linq;

namespace DentalClinic.Cms.Controllers
{
    public class RegisterController : SurfaceController // RegisterController DentalClinic.Cms
    {
        private readonly IUserRegistrationApiClient _userApi;
        private readonly IAuthApiClient _authApi;

        public RegisterController(
            IUmbracoContextAccessor umbracoContextAccessor,
            IUmbracoDatabaseFactory databaseFactory,
            ServiceContext services,
            AppCaches appCaches,
            IProfilingLogger logger,
            IPublishedUrlProvider publishedUrlProvider,
            IUserRegistrationApiClient userApi,
            IAuthApiClient authApi
        ) : base(umbracoContextAccessor, databaseFactory, services, appCaches, logger, publishedUrlProvider)
        {
            _userApi = userApi;
            _authApi = authApi;
        }

        [HttpPost]
        [ValidateAntiForgeryToken]
        public async Task<IActionResult> SubmitRegister(RegisterFormModel model)
        {
            if (!ModelState.IsValid)
            {
                var errors = ModelState.Values
                    .SelectMany(v => v.Errors)
                    .Select(e => e.ErrorMessage)
                    .ToList();

                TempData[""errors""] = string.Join("" | "", errors);
                return RedirectToCurrentUmbracoPage();
            }

            // 1) تسجيل في AuthService عبر Gateway
            var registered = await _userApi.RegisterUserAsync(model);

            if (!registered)
            {
                TempData[""errors""] = ""Registration failed (email already exists?)."";
                return RedirectToCurrentUmbracoPage();
            }

            // 2) Login أوتوماتيكي للحصول على JWT + Role
            var loginResult = await _authApi.LoginAsync(model.Email, model.Password);

            if (loginResult != null && !string.IsNullOrEmpty(loginResult.token))
            {
                HttpContext.Session.SetString(""jwt"", loginResult.token);
                HttpContext.Session.SetString(""CurrentUserEmail"", model.Email);
                HttpContext.Session.SetString(""CurrentUserName"", model.FullName);
                HttpContext.Session.SetString(""CurrentUserRole"", loginResult.role ?? ""Patient"");

                TempData[""message""] = ""Registration completed. You are now logged in."";
            }
            else
            {
                TempData[""message""] = ""Registration completed, but auto login failed."";
            }


            return RedirectToCurrentUmbracoPage();
        }
    }
}
"
"DentalClinic.Cms","C:\Users\Amjad\source\repos\DentalClinic\DentalClinic.Cms\Models\AppointmentResult.cs","AppointmentResult.cs",".cs","public class AppointmentResult
{
    public Guid Id { get; set; }

    public string Status { get; set; }

    public string DentistId { get; set; }   // يبقى كما هو

    public string DentistName { get; set; }  // 👈 نضيف هذا

    public AppointmentSlot Slot { get; set; }
}

public class AppointmentSlot
{
    public string Date { get; set; }
    public string Time { get; set; }
}
"
"DentalClinic.Cms","C:\Users\Amjad\source\repos\DentalClinic\DentalClinic.Cms\Models\BookingFormModel.cs","BookingFormModel.cs",".cs","using System.ComponentModel.DataAnnotations;

namespace DentalClinic.Cms.Models
{
    public class BookingFormModel
    {
        [Required(ErrorMessage = ""Full name is required"")]
        [StringLength(100, MinimumLength = 2, ErrorMessage = ""Full name must be at least 2 characters"")]
        public string FullName { get; set; } = string.Empty;

        [Required(ErrorMessage = ""Dentist is required"")]
        public string DentistId { get; set; } = string.Empty;

        [Required(ErrorMessage = ""Date is required"")]
        public string Date { get; set; } = string.Empty;

        [Required(ErrorMessage = ""Time is required"")]
        public string Time { get; set; } = string.Empty;
    }
}
"
"DentalClinic.Cms","C:\Users\Amjad\source\repos\DentalClinic\DentalClinic.Cms\Models\BookingViewModel.cs","BookingViewModel.cs",".cs","using System.Collections.Generic;
using System.ComponentModel.DataAnnotations;

namespace DentalClinic.Cms.Models
{
    public class BookingViewModel
    {
        // 🔹 عنوان الصفحة القادم من الـ Document Type
        public string BookingPageTitle { get; set; }

        // 🔹 قائمة الأطباء القادمة من الـ API
        public List<DentistViewModel> Dentists { get; set; } = new();

        // 🔹 الحقول المرسلة عند الحجز
        [Required]
        public string FullName { get; set; }

        [Required]
        public string DentistId { get; set; }

        [Required]
        public string Date { get; set; }

        [Required]
        public string Time { get; set; }
    }
}
"
"DentalClinic.Cms","C:\Users\Amjad\source\repos\DentalClinic\DentalClinic.Cms\Models\DentistDashboardViewModel.cs","DentistDashboardViewModel.cs",".cs","using System;
using System.Collections.Generic;

namespace DentalClinic.Cms.Models
{
    public class DentistDashboardAppointmentRow
    {
        public int AppointmentId { get; set; }
        public DateTime Start { get; set; }
        public string Status { get; set; } = string.Empty;

        // ممكن نستخدمه لاحقاً عندما نربط PatientService
        public string? PatientName { get; set; }
    }

    public class DentistDashboardViewModel
    {
        public string PageTitle { get; set; } = string.Empty;
        public string IntroText { get; set; } = string.Empty;

        public List<DentistDashboardAppointmentRow> Appointments { get; set; }
            = new List<DentistDashboardAppointmentRow>();
    }
}
"
"DentalClinic.Cms","C:\Users\Amjad\source\repos\DentalClinic\DentalClinic.Cms\Models\DentistViewModel.cs","DentistViewModel.cs",".cs","namespace DentalClinic.Cms.Models
{
    public class DentistViewModel
    {
        public Guid Id { get; set; }
        public string FullName { get; set; }
    }
}
"
"DentalClinic.Cms","C:\Users\Amjad\source\repos\DentalClinic\DentalClinic.Cms\Models\LoginFormModel.cs","LoginFormModel.cs",".cs","using System.ComponentModel.DataAnnotations;

namespace DentalClinic.Cms.Models
{
    public class LoginFormModel
    {
        [Required(ErrorMessage = ""Email is required"")]
        [EmailAddress(ErrorMessage = ""Invalid email address"")]
        public string Email { get; set; } = string.Empty;

        [Required(ErrorMessage = ""Password is required"")]
        [StringLength(100, MinimumLength = 6, ErrorMessage = ""Password must be at least 6 characters"")]
        public string Password { get; set; } = string.Empty;
    }
}
"
"DentalClinic.Cms","C:\Users\Amjad\source\repos\DentalClinic\DentalClinic.Cms\Models\PaymentFormViewModel.cs","PaymentFormViewModel.cs",".cs","using System;
using System.ComponentModel.DataAnnotations;

namespace DentalClinic.Cms.Models
{
    public class PaymentFormViewModel
    {
        [Required]
        public Guid BookingId { get; set; }

        [Range(0.01, double.MaxValue, ErrorMessage = ""Amount must be greater than 0"")]
        public decimal Amount { get; set; }

        [Required(ErrorMessage = ""Payment method is required"")]
        public string PaymentMethod { get; set; } = ""Card"";

        [Required(ErrorMessage = ""Card holder name is required"")]
        [StringLength(100, ErrorMessage = ""Card holder name is too long"")]
        public string CardHolderName { get; set; } = string.Empty;

        [Required(ErrorMessage = ""Last 4 digits are required"")]
        [StringLength(4, MinimumLength = 4, ErrorMessage = ""Card last 4 must be 4 digits"")]
        public string CardLast4 { get; set; } = string.Empty;
    }
}
"
"DentalClinic.Cms","C:\Users\Amjad\source\repos\DentalClinic\DentalClinic.Cms\Models\RegisterFormModel.cs","RegisterFormModel.cs",".cs","using System.ComponentModel.DataAnnotations;

namespace DentalClinic.Cms.Models
{
    public class RegisterFormModel
    {
        [Required(ErrorMessage = ""Full name is required"")]
        [StringLength(100, MinimumLength = 2, ErrorMessage = ""Full name must be at least 2 characters"")]
        public string FullName { get; set; } = string.Empty;

        [Required(ErrorMessage = ""Email is required"")]
        [EmailAddress(ErrorMessage = ""Invalid email address"")]
        public string Email { get; set; } = string.Empty;

        [Required(ErrorMessage = ""Password is required"")]
        [StringLength(100, MinimumLength = 6, ErrorMessage = ""Password must be at least 6 characters"")]
        public string Password { get; set; } = string.Empty;
    }
}
"
"Debug","C:\Users\Amjad\source\repos\DentalClinic\DentalClinic.Cms\obj\Debug\net9.0\.NETCoreApp,Version=v9.0.AssemblyAttributes.cs",".NETCoreApp,Version=v9.0.AssemblyAttributes.cs",".cs","// <autogenerated />
using System;
using System.Reflection;
[assembly: global::System.Runtime.Versioning.TargetFrameworkAttribute("".NETCoreApp,Version=v9.0"", FrameworkDisplayName = "".NET 9.0"")]
"
"Debug","C:\Users\Amjad\source\repos\DentalClinic\DentalClinic.Cms\obj\Debug\net9.0\DentalClinic.Cms.AssemblyInfo.cs","DentalClinic.Cms.AssemblyInfo.cs",".cs","//------------------------------------------------------------------------------
// <auto-generated>
//     This code was generated by a tool.
//     Runtime Version:4.0.30319.42000
//
//     Changes to this file may cause incorrect behavior and will be lost if
//     the code is regenerated.
// </auto-generated>
//------------------------------------------------------------------------------

using System;
using System.Reflection;

[assembly: System.Reflection.AssemblyCompanyAttribute(""DentalClinic.Cms"")]
[assembly: System.Reflection.AssemblyConfigurationAttribute(""Debug"")]
[assembly: System.Reflection.AssemblyFileVersionAttribute(""1.0.0.0"")]
[assembly: System.Reflection.AssemblyInformationalVersionAttribute(""1.0.0"")]
[assembly: System.Reflection.AssemblyProductAttribute(""DentalClinic.Cms"")]
[assembly: System.Reflection.AssemblyTitleAttribute(""DentalClinic.Cms"")]
[assembly: System.Reflection.AssemblyVersionAttribute(""1.0.0.0"")]

// Generated by the MSBuild WriteCodeFragment class.

"
"Debug","C:\Users\Amjad\source\repos\DentalClinic\DentalClinic.Cms\obj\Debug\net9.0\DentalClinic.Cms.GlobalUsings.g.cs","DentalClinic.Cms.GlobalUsings.g.cs",".cs","// <auto-generated/>
global using Microsoft.AspNetCore.Builder;
global using Microsoft.AspNetCore.Hosting;
global using Microsoft.AspNetCore.Http;
global using Microsoft.AspNetCore.Routing;
global using Microsoft.Extensions.Configuration;
global using Microsoft.Extensions.DependencyInjection;
global using Microsoft.Extensions.Hosting;
global using Microsoft.Extensions.Logging;
global using System;
global using System.Collections.Generic;
global using System.IO;
global using System.Linq;
global using System.Net.Http;
global using System.Net.Http.Json;
global using System.Threading;
global using System.Threading.Tasks;
global using Umbraco.Cms.Core.DependencyInjection;
global using Umbraco.Extensions;
"
"Debug","C:\Users\Amjad\source\repos\DentalClinic\DentalClinic.Cms\obj\Debug\net9.0\DentalClinic.Cms.MvcApplicationPartsAssemblyInfo.cs","DentalClinic.Cms.MvcApplicationPartsAssemblyInfo.cs",".cs","//------------------------------------------------------------------------------
// <auto-generated>
//     This code was generated by a tool.
//     Runtime Version:4.0.30319.42000
//
//     Changes to this file may cause incorrect behavior and will be lost if
//     the code is regenerated.
// </auto-generated>
//------------------------------------------------------------------------------

using System;
using System.Reflection;

[assembly: Microsoft.AspNetCore.Mvc.ApplicationParts.ApplicationPartAttribute(""Asp.Versioning.Mvc.ApiExplorer"")]
[assembly: Microsoft.AspNetCore.Mvc.ApplicationParts.ApplicationPartAttribute(""Asp.Versioning.Mvc"")]
[assembly: Microsoft.AspNetCore.Mvc.ApplicationParts.ApplicationPartAttribute(""Microsoft.AspNetCore.Mvc.Razor.RuntimeCompilation"")]
[assembly: Microsoft.AspNetCore.Mvc.ApplicationParts.ApplicationPartAttribute(""MiniProfiler.AspNetCore.Mvc"")]
[assembly: Microsoft.AspNetCore.Mvc.ApplicationParts.ApplicationPartAttribute(""SixLabors.ImageSharp.Web"")]
[assembly: Microsoft.AspNetCore.Mvc.ApplicationParts.ApplicationPartAttribute(""Swashbuckle.AspNetCore.SwaggerGen"")]
[assembly: Microsoft.AspNetCore.Mvc.ApplicationParts.ApplicationPartAttribute(""Umbraco.Cms.Api.Common"")]
[assembly: Microsoft.AspNetCore.Mvc.ApplicationParts.ApplicationPartAttribute(""Umbraco.Cms.Api.Delivery"")]
[assembly: Microsoft.AspNetCore.Mvc.ApplicationParts.ApplicationPartAttribute(""Umbraco.Cms.Api.Management"")]
[assembly: Microsoft.AspNetCore.Mvc.ApplicationParts.ApplicationPartAttribute(""Umbraco.Cms.Imaging.ImageSharp"")]
[assembly: Microsoft.AspNetCore.Mvc.ApplicationParts.ApplicationPartAttribute(""Umbraco.Cms.StaticAssets"")]
[assembly: Microsoft.AspNetCore.Mvc.ApplicationParts.ApplicationPartAttribute(""Umbraco.Web.Common"")]
[assembly: Microsoft.AspNetCore.Mvc.ApplicationParts.ApplicationPartAttribute(""Umbraco.Web.Website"")]

// Generated by the MSBuild WriteCodeFragment class.

"
"Debug","C:\Users\Amjad\source\repos\DentalClinic\DentalClinic.Cms\obj\Debug\net9.0\DentalClinic.Cms.RazorAssemblyInfo.cs","DentalClinic.Cms.RazorAssemblyInfo.cs",".cs","//------------------------------------------------------------------------------
// <auto-generated>
//     This code was generated by a tool.
//     Runtime Version:4.0.30319.42000
//
//     Changes to this file may cause incorrect behavior and will be lost if
//     the code is regenerated.
// </auto-generated>
//------------------------------------------------------------------------------

using System;
using System.Reflection;

[assembly: Microsoft.AspNetCore.Razor.Hosting.RazorLanguageVersionAttribute(""9.0"")]
[assembly: Microsoft.AspNetCore.Razor.Hosting.RazorConfigurationNameAttribute(""MVC-3.0"")]
[assembly: Microsoft.AspNetCore.Razor.Hosting.RazorExtensionAssemblyNameAttribute(""MVC-3.0"", ""Microsoft.CodeAnalysis.Razor.Compiler"")]

// Generated by the MSBuild WriteCodeFragment class.

"
"DentalClinic.Cms","C:\Users\Amjad\source\repos\DentalClinic\DentalClinic.Cms\Properties\launchSettings.json","launchSettings.json",".json","{
  ""$schema"": ""https://json.schemastore.org/launchsettings.json"",
  ""iisSettings"": {
    ""windowsAuthentication"": false,
    ""anonymousAuthentication"": true,
    ""iisExpress"": {
      ""applicationUrl"": ""http://localhost:43670"",
      ""sslPort"": 44356
    }
  },
  ""profiles"": {
    ""IIS Express"": {
      ""commandName"": ""IISExpress"",
      ""launchBrowser"": true,
      ""environmentVariables"": {
        ""ASPNETCORE_ENVIRONMENT"": ""Development""
      }
    },
    ""Umbraco.Web.UI"": {
      ""commandName"": ""Project"",
      ""dotnetRunMessages"": true,
      ""launchBrowser"": true,
      ""applicationUrl"": ""https://localhost:44356;http://localhost:43670"",
      ""environmentVariables"": {
        ""ASPNETCORE_ENVIRONMENT"": ""Development""
      }      
    }
  }
}
"
"DentalClinic.Cms","C:\Users\Amjad\source\repos\DentalClinic\DentalClinic.Cms\Services\AppointmentApiClient.cs","AppointmentApiClient.cs",".cs","using System.Net.Http;
using System.Net.Http.Json;
using System.Text.Json;
using System.Threading.Tasks;
using System.Collections.Generic;
using DentalClinic.Cms.Models;
using System.IdentityModel.Tokens.Jwt;
using System.Security.Claims;
using System.Linq;

namespace DentalClinic.Cms.Services
{
    public interface IAppointmentApiClient
    {
        Task<List<AppointmentResult>> GetMyAppointmentsAsync();
        Task<List<AppointmentResult>> GetAdminAppointmentsAsync();  // 👈 جديد
        Task<Guid?> CreateAppointmentAsync(BookingFormModel model);
        Task<bool> CancelAppointmentAsync(Guid appointmentId);
        Task<bool> ConfirmAppointmentAsync(Guid appointmentId);
        void SetAuthToken(string token);
    }



    public class AppointmentApiClient : IAppointmentApiClient
    {
        private readonly HttpClient _http;
        private readonly IDentistApiClient _dentists;   // 👈 تمت الإضافة


        public AppointmentApiClient(HttpClient http, IDentistApiClient dentists)
        {
            _http = http;
            _dentists = dentists;

        }

        // ----------------------------
        // Add JWT Token for requests
        // ----------------------------
        public void SetAuthToken(string token)
        {
            if (string.IsNullOrWhiteSpace(token))
                return;

            // لو في التوكن ""Bearer "" في البداية نشيلها
            if (token.StartsWith(""Bearer "", StringComparison.OrdinalIgnoreCase))
            {
                token = token.Substring(""Bearer "".Length);
            }

            _http.DefaultRequestHeaders.Authorization =
                new System.Net.Http.Headers.AuthenticationHeaderValue(""Bearer"", token);
        }


        // ----------------------------
        // Get My Appointments + Dentist Name
        // ----------------------------
        public async Task<List<AppointmentResult>> GetMyAppointmentsAsync()
        {
            var response = await _http.GetAsync(""/api/appointments/mine"");

            if (!response.IsSuccessStatusCode)
            {
                var body = await response.Content.ReadAsStringAsync(); // 👈 الجديد

                // أثناء التطوير فقط – يساعدنا نرى الخطأ الحقيقي
                throw new Exception($""Error calling /api/appointments/mine. "" +
                                    $""Status: {(int)response.StatusCode} {response.ReasonPhrase}. "" +
                                    $""Body: {body}"");
            }


            var json = await response.Content.ReadAsStringAsync();

            var appointments = JsonSerializer.Deserialize<List<AppointmentResult>>(json,
                new JsonSerializerOptions { PropertyNameCaseInsensitive = true })
                ?? new List<AppointmentResult>();

            var dentistsList = await _dentists.GetDentistsAsync();

            foreach (var appt in appointments)
            {
                var d = dentistsList.FirstOrDefault(x => x.Id.ToString() == appt.DentistId);
                appt.DentistName = d != null ? d.FullName : ""Unknown Dentist"";
            }

            return appointments;
        }

        public async Task<List<AppointmentResult>> GetAdminAppointmentsAsync()
        {
            var response = await _http.GetAsync(""/api/appointments/admin"");

            if (!response.IsSuccessStatusCode)
            {
                var body = await response.Content.ReadAsStringAsync();
                throw new Exception($""Error calling /api/appointments/admin. "" +
                                    $""Status: {(int)response.StatusCode} {response.ReasonPhrase}. "" +
                                    $""Body: {body}"");
            }

            var json = await response.Content.ReadAsStringAsync();

            var appointments = JsonSerializer.Deserialize<List<AppointmentResult>>(json,
                new JsonSerializerOptions { PropertyNameCaseInsensitive = true })
                ?? new List<AppointmentResult>();

            var dentistsList = await _dentists.GetDentistsAsync();

            foreach (var appt in appointments)
            {
                var d = dentistsList.FirstOrDefault(x => x.Id.ToString() == appt.DentistId);
                appt.DentistName = d != null ? d.FullName : ""Unknown Dentist"";
            }

            return appointments;
        }



        // ----------------------------
        // Create new appointment
        // ----------------------------
        public async Task<Guid?> CreateAppointmentAsync(BookingFormModel model)
        {
            var token = _http.DefaultRequestHeaders.Authorization?.Parameter;
            if (string.IsNullOrEmpty(token))
                return null;

            var handler = new JwtSecurityTokenHandler();
            var jwt = handler.ReadJwtToken(token);

            var userIdClaim = jwt.Claims.FirstOrDefault(c => c.Type == ClaimTypes.NameIdentifier);
            if (userIdClaim == null)
                return null;

            var patientId = Guid.Parse(userIdClaim.Value);

            var appointmentId = Guid.NewGuid(); // ← سنستخدمه في كل من العميل + الخدمة

            var command = new
            {
                AppointmentId = appointmentId,
                PatientId = patientId,
                DentistId = Guid.Parse(model.DentistId),
                Start = DateTime.Parse($""{model.Date}T{model.Time}""),
                End = DateTime.Parse($""{model.Date}T{model.Time}"").AddMinutes(30)
            };

            var response = await _http.PostAsJsonAsync(""/api/appointments"", command);

            if (!response.IsSuccessStatusCode)
                return null;

            return appointmentId; // ← تم!
        }


        public async Task<bool> CancelAppointmentAsync(Guid appointmentId)
        {
            var response = await _http.PutAsJsonAsync(""/api/appointments/cancel"", new
            {
                AppointmentId = appointmentId
            });

            return response.IsSuccessStatusCode;
        }

        public async Task<bool> ConfirmAppointmentAsync(Guid appointmentId)
        {
            // الـ BookingService يتوقع ConfirmAppointmentCommand مع AppointmentId
            var payload = new
            {
                AppointmentId = appointmentId
            };

            // نمرّ عبر الـ Gateway: /api/appointments/confirm
            var response = await _http.PutAsJsonAsync(""/api/appointments/confirm"", payload);

            return response.IsSuccessStatusCode;
        }


    }
}
"
"DentalClinic.Cms","C:\Users\Amjad\source\repos\DentalClinic\DentalClinic.Cms\Services\AuthApiClient.cs","AuthApiClient.cs",".cs","using System.Net.Http;
using System.Net.Http.Json;
using System.Threading.Tasks;
using static DentalClinic.Cms.Services.AuthApiClient;

namespace DentalClinic.Cms.Services
{
    public interface IAuthApiClient
    {
        Task<LoginResult?> LoginAsync(string email, string password);
    }

    public class AuthApiClient : IAuthApiClient
    {
        private readonly HttpClient _httpClient;

        public AuthApiClient(HttpClient httpClient)
        {
            _httpClient = httpClient;
        }

        public async Task<LoginResult?> LoginAsync(string username, string password)
        {
            var payload = new { Username = username, Password = password };

            var response = await _httpClient.PostAsJsonAsync(""/auth/login"", payload);

            if (!response.IsSuccessStatusCode)
                return null;

            var json = await response.Content.ReadFromJsonAsync<LoginResult>();

            return json;
        }

        public class LoginResult
        {
            public string token { get; set; } = string.Empty;
            public string? role { get; set; }   // 👈 مهم: نقرأ الدور من الـ JSON
        }
    }
}
"
"DentalClinic.Cms","C:\Users\Amjad\source\repos\DentalClinic\DentalClinic.Cms\Services\DentistApiClient.cs","DentistApiClient.cs",".cs","using System.Net.Http;
using System.Net.Http.Json;
using System.Threading.Tasks;
using System.Collections.Generic;

namespace DentalClinic.Cms.Services
{
    public class DentistApiClient : IDentistApiClient
    {
        private readonly HttpClient _http;

        public DentistApiClient(HttpClient http)
        {
            _http = http;
        }

        public async Task<List<DentistDto>> GetDentistsAsync()
        {
            var result = await _http.GetFromJsonAsync<List<DentistDto>>(""/api/dentists"");

            return result ?? new List<DentistDto>();
        }
    }
}
"
"DentalClinic.Cms","C:\Users\Amjad\source\repos\DentalClinic\DentalClinic.Cms\Services\IDentistApiClient.cs","IDentistApiClient.cs",".cs","using System.Collections.Generic;
using System.Threading.Tasks;

namespace DentalClinic.Cms.Services
{
    public interface IDentistApiClient
    {
        Task<List<DentistDto>> GetDentistsAsync();
    }

    public class DentistDto
    {
        public Guid Id { get; set; }
        public string FullName { get; set; }
    }
}
"
"DentalClinic.Cms","C:\Users\Amjad\source\repos\DentalClinic\DentalClinic.Cms\Services\UserRegistrationApiClient.cs","UserRegistrationApiClient.cs",".cs","using System.Net.Http;
using System.Net.Http.Json;
using System.Threading.Tasks;
using DentalClinic.Cms.Models;

namespace DentalClinic.Cms.Services
{
    public interface IUserRegistrationApiClient
    {
        Task<bool> RegisterUserAsync(RegisterFormModel model);
    }

    public class UserRegistrationApiClient : IUserRegistrationApiClient
    {
        private readonly HttpClient _http;

        public UserRegistrationApiClient(HttpClient http)
        {
            _http = http;
        }

        public async Task<bool> RegisterUserAsync(RegisterFormModel model)
        {
            var response = await _http.PostAsJsonAsync(""/auth/register"", model);
            return response.IsSuccessStatusCode;
        }
    }
}
"
"TEMP","C:\Users\Amjad\source\repos\DentalClinic\DentalClinic.Cms\umbraco\Data\TEMP\InMemoryAuto\all.generated.cs","all.generated.cs",".cs","using  System;
using  System.Linq.Expressions;
using  Umbraco.Cms.Core.Models.PublishedContent;
using  Umbraco.Cms.Core.PublishedCache;
using  Umbraco.Cms.Infrastructure.ModelsBuilder;
using  Umbraco.Cms.Core;
using  Umbraco.Extensions;
[assembly:ModelsBuilderAssembly(IsInMemory = true, SourceHash = ""2577e677f0d43fc6497023a372a94904e4f4c1bc"")]
[assembly:System.Reflection.AssemblyVersion(""0.0.0.5"")]


// FILE: models.generated.cs

//------------------------------------------------------------------------------
// <auto-generated>
//   This code was generated by a tool.
//
//    Umbraco.ModelsBuilder.Embedded v16.1.1+7e82c25
//
//   Changes to this file will be lost if the code is regenerated.
// </auto-generated>
//------------------------------------------------------------------------------












namespace Umbraco.Cms.Web.Common.PublishedModels
{
	/// <summary>Booking Page</summary>
	[PublishedModel(""bookingPage"")]
	public partial class BookingPage : PublishedContentModel
	{
		// helpers
#pragma warning disable 0109 // new is redundant
		[global::System.CodeDom.Compiler.GeneratedCodeAttribute(""Umbraco.ModelsBuilder.Embedded"", ""16.1.1+7e82c25"")]
		public new const string ModelTypeAlias = ""bookingPage"";
		[global::System.CodeDom.Compiler.GeneratedCodeAttribute(""Umbraco.ModelsBuilder.Embedded"", ""16.1.1+7e82c25"")]
		public new const PublishedItemType ModelItemType = PublishedItemType.Content;
		[global::System.CodeDom.Compiler.GeneratedCodeAttribute(""Umbraco.ModelsBuilder.Embedded"", ""16.1.1+7e82c25"")]
		[return: global::System.Diagnostics.CodeAnalysis.MaybeNull]
		public new static IPublishedContentType GetModelContentType(IPublishedContentTypeCache contentTypeCache)
			=> PublishedModelUtility.GetModelContentType(contentTypeCache, ModelItemType, ModelTypeAlias);
		[global::System.CodeDom.Compiler.GeneratedCodeAttribute(""Umbraco.ModelsBuilder.Embedded"", ""16.1.1+7e82c25"")]
		[return: global::System.Diagnostics.CodeAnalysis.MaybeNull]
		public static IPublishedPropertyType GetModelPropertyType<TValue>(IPublishedContentTypeCache contentTypeCache, Expression<Func<BookingPage, TValue>> selector)
			=> PublishedModelUtility.GetModelPropertyType(GetModelContentType(contentTypeCache), selector);
#pragma warning restore 0109

		private IPublishedValueFallback _publishedValueFallback;

		// ctor
		public BookingPage(IPublishedContent content, IPublishedValueFallback publishedValueFallback)
			: base(content, publishedValueFallback)
		{
			_publishedValueFallback = publishedValueFallback;
		}

		// properties

		///<summary>
		/// Booking Page Title
		///</summary>
		[global::System.CodeDom.Compiler.GeneratedCodeAttribute(""Umbraco.ModelsBuilder.Embedded"", ""16.1.1+7e82c25"")]
		[global::System.Diagnostics.CodeAnalysis.MaybeNull]
		[ImplementPropertyType(""bookingPageTitle"")]
		public virtual string BookingPageTitle => this.Value<string>(_publishedValueFallback, ""bookingPageTitle"");
	}

	/// <summary>Login Page</summary>
	[PublishedModel(""loginPage"")]
	public partial class LoginPage : PublishedContentModel
	{
		// helpers
#pragma warning disable 0109 // new is redundant
		[global::System.CodeDom.Compiler.GeneratedCodeAttribute(""Umbraco.ModelsBuilder.Embedded"", ""16.1.1+7e82c25"")]
		public new const string ModelTypeAlias = ""loginPage"";
		[global::System.CodeDom.Compiler.GeneratedCodeAttribute(""Umbraco.ModelsBuilder.Embedded"", ""16.1.1+7e82c25"")]
		public new const PublishedItemType ModelItemType = PublishedItemType.Content;
		[global::System.CodeDom.Compiler.GeneratedCodeAttribute(""Umbraco.ModelsBuilder.Embedded"", ""16.1.1+7e82c25"")]
		[return: global::System.Diagnostics.CodeAnalysis.MaybeNull]
		public new static IPublishedContentType GetModelContentType(IPublishedContentTypeCache contentTypeCache)
			=> PublishedModelUtility.GetModelContentType(contentTypeCache, ModelItemType, ModelTypeAlias);
		[global::System.CodeDom.Compiler.GeneratedCodeAttribute(""Umbraco.ModelsBuilder.Embedded"", ""16.1.1+7e82c25"")]
		[return: global::System.Diagnostics.CodeAnalysis.MaybeNull]
		public static IPublishedPropertyType GetModelPropertyType<TValue>(IPublishedContentTypeCache contentTypeCache, Expression<Func<LoginPage, TValue>> selector)
			=> PublishedModelUtility.GetModelPropertyType(GetModelContentType(contentTypeCache), selector);
#pragma warning restore 0109

		private IPublishedValueFallback _publishedValueFallback;

		// ctor
		public LoginPage(IPublishedContent content, IPublishedValueFallback publishedValueFallback)
			: base(content, publishedValueFallback)
		{
			_publishedValueFallback = publishedValueFallback;
		}

		// properties
	}

	/// <summary>RegisterPage</summary>
	[PublishedModel(""registerPage"")]
	public partial class RegisterPage : PublishedContentModel
	{
		// helpers
#pragma warning disable 0109 // new is redundant
		[global::System.CodeDom.Compiler.GeneratedCodeAttribute(""Umbraco.ModelsBuilder.Embedded"", ""16.1.1+7e82c25"")]
		public new const string ModelTypeAlias = ""registerPage"";
		[global::System.CodeDom.Compiler.GeneratedCodeAttribute(""Umbraco.ModelsBuilder.Embedded"", ""16.1.1+7e82c25"")]
		public new const PublishedItemType ModelItemType = PublishedItemType.Content;
		[global::System.CodeDom.Compiler.GeneratedCodeAttribute(""Umbraco.ModelsBuilder.Embedded"", ""16.1.1+7e82c25"")]
		[return: global::System.Diagnostics.CodeAnalysis.MaybeNull]
		public new static IPublishedContentType GetModelContentType(IPublishedContentTypeCache contentTypeCache)
			=> PublishedModelUtility.GetModelContentType(contentTypeCache, ModelItemType, ModelTypeAlias);
		[global::System.CodeDom.Compiler.GeneratedCodeAttribute(""Umbraco.ModelsBuilder.Embedded"", ""16.1.1+7e82c25"")]
		[return: global::System.Diagnostics.CodeAnalysis.MaybeNull]
		public static IPublishedPropertyType GetModelPropertyType<TValue>(IPublishedContentTypeCache contentTypeCache, Expression<Func<RegisterPage, TValue>> selector)
			=> PublishedModelUtility.GetModelPropertyType(GetModelContentType(contentTypeCache), selector);
#pragma warning restore 0109

		private IPublishedValueFallback _publishedValueFallback;

		// ctor
		public RegisterPage(IPublishedContent content, IPublishedValueFallback publishedValueFallback)
			: base(content, publishedValueFallback)
		{
			_publishedValueFallback = publishedValueFallback;
		}

		// properties

		///<summary>
		/// registerPageTitle
		///</summary>
		[global::System.CodeDom.Compiler.GeneratedCodeAttribute(""Umbraco.ModelsBuilder.Embedded"", ""16.1.1+7e82c25"")]
		[global::System.Diagnostics.CodeAnalysis.MaybeNull]
		[ImplementPropertyType(""registerPageTitle"")]
		public virtual string RegisterPageTitle => this.Value<string>(_publishedValueFallback, ""registerPageTitle"");
	}

	/// <summary>MyAppointments Page</summary>
	[PublishedModel(""myAppointmentsPage"")]
	public partial class MyAppointmentsPage : PublishedContentModel
	{
		// helpers
#pragma warning disable 0109 // new is redundant
		[global::System.CodeDom.Compiler.GeneratedCodeAttribute(""Umbraco.ModelsBuilder.Embedded"", ""16.1.1+7e82c25"")]
		public new const string ModelTypeAlias = ""myAppointmentsPage"";
		[global::System.CodeDom.Compiler.GeneratedCodeAttribute(""Umbraco.ModelsBuilder.Embedded"", ""16.1.1+7e82c25"")]
		public new const PublishedItemType ModelItemType = PublishedItemType.Content;
		[global::System.CodeDom.Compiler.GeneratedCodeAttribute(""Umbraco.ModelsBuilder.Embedded"", ""16.1.1+7e82c25"")]
		[return: global::System.Diagnostics.CodeAnalysis.MaybeNull]
		public new static IPublishedContentType GetModelContentType(IPublishedContentTypeCache contentTypeCache)
			=> PublishedModelUtility.GetModelContentType(contentTypeCache, ModelItemType, ModelTypeAlias);
		[global::System.CodeDom.Compiler.GeneratedCodeAttribute(""Umbraco.ModelsBuilder.Embedded"", ""16.1.1+7e82c25"")]
		[return: global::System.Diagnostics.CodeAnalysis.MaybeNull]
		public static IPublishedPropertyType GetModelPropertyType<TValue>(IPublishedContentTypeCache contentTypeCache, Expression<Func<MyAppointmentsPage, TValue>> selector)
			=> PublishedModelUtility.GetModelPropertyType(GetModelContentType(contentTypeCache), selector);
#pragma warning restore 0109

		private IPublishedValueFallback _publishedValueFallback;

		// ctor
		public MyAppointmentsPage(IPublishedContent content, IPublishedValueFallback publishedValueFallback)
			: base(content, publishedValueFallback)
		{
			_publishedValueFallback = publishedValueFallback;
		}

		// properties
	}

	/// <summary>Payment Page</summary>
	[PublishedModel(""paymentPage"")]
	public partial class PaymentPage : PublishedContentModel
	{
		// helpers
#pragma warning disable 0109 // new is redundant
		[global::System.CodeDom.Compiler.GeneratedCodeAttribute(""Umbraco.ModelsBuilder.Embedded"", ""16.1.1+7e82c25"")]
		public new const string ModelTypeAlias = ""paymentPage"";
		[global::System.CodeDom.Compiler.GeneratedCodeAttribute(""Umbraco.ModelsBuilder.Embedded"", ""16.1.1+7e82c25"")]
		public new const PublishedItemType ModelItemType = PublishedItemType.Content;
		[global::System.CodeDom.Compiler.GeneratedCodeAttribute(""Umbraco.ModelsBuilder.Embedded"", ""16.1.1+7e82c25"")]
		[return: global::System.Diagnostics.CodeAnalysis.MaybeNull]
		public new static IPublishedContentType GetModelContentType(IPublishedContentTypeCache contentTypeCache)
			=> PublishedModelUtility.GetModelContentType(contentTypeCache, ModelItemType, ModelTypeAlias);
		[global::System.CodeDom.Compiler.GeneratedCodeAttribute(""Umbraco.ModelsBuilder.Embedded"", ""16.1.1+7e82c25"")]
		[return: global::System.Diagnostics.CodeAnalysis.MaybeNull]
		public static IPublishedPropertyType GetModelPropertyType<TValue>(IPublishedContentTypeCache contentTypeCache, Expression<Func<PaymentPage, TValue>> selector)
			=> PublishedModelUtility.GetModelPropertyType(GetModelContentType(contentTypeCache), selector);
#pragma warning restore 0109

		private IPublishedValueFallback _publishedValueFallback;

		// ctor
		public PaymentPage(IPublishedContent content, IPublishedValueFallback publishedValueFallback)
			: base(content, publishedValueFallback)
		{
			_publishedValueFallback = publishedValueFallback;
		}

		// properties

		///<summary>
		/// Payment Page Title
		///</summary>
		[global::System.CodeDom.Compiler.GeneratedCodeAttribute(""Umbraco.ModelsBuilder.Embedded"", ""16.1.1+7e82c25"")]
		[global::System.Diagnostics.CodeAnalysis.MaybeNull]
		[ImplementPropertyType(""paymentPageTitle"")]
		public virtual string PaymentPageTitle => this.Value<string>(_publishedValueFallback, ""paymentPageTitle"");
	}

	/// <summary>Dentist Dashboard Page</summary>
	[PublishedModel(""dentistDashboardPage"")]
	public partial class DentistDashboardPage : PublishedContentModel
	{
		// helpers
#pragma warning disable 0109 // new is redundant
		[global::System.CodeDom.Compiler.GeneratedCodeAttribute(""Umbraco.ModelsBuilder.Embedded"", ""16.1.1+7e82c25"")]
		public new const string ModelTypeAlias = ""dentistDashboardPage"";
		[global::System.CodeDom.Compiler.GeneratedCodeAttribute(""Umbraco.ModelsBuilder.Embedded"", ""16.1.1+7e82c25"")]
		public new const PublishedItemType ModelItemType = PublishedItemType.Content;
		[global::System.CodeDom.Compiler.GeneratedCodeAttribute(""Umbraco.ModelsBuilder.Embedded"", ""16.1.1+7e82c25"")]
		[return: global::System.Diagnostics.CodeAnalysis.MaybeNull]
		public new static IPublishedContentType GetModelContentType(IPublishedContentTypeCache contentTypeCache)
			=> PublishedModelUtility.GetModelContentType(contentTypeCache, ModelItemType, ModelTypeAlias);
		[global::System.CodeDom.Compiler.GeneratedCodeAttribute(""Umbraco.ModelsBuilder.Embedded"", ""16.1.1+7e82c25"")]
		[return: global::System.Diagnostics.CodeAnalysis.MaybeNull]
		public static IPublishedPropertyType GetModelPropertyType<TValue>(IPublishedContentTypeCache contentTypeCache, Expression<Func<DentistDashboardPage, TValue>> selector)
			=> PublishedModelUtility.GetModelPropertyType(GetModelContentType(contentTypeCache), selector);
#pragma warning restore 0109

		private IPublishedValueFallback _publishedValueFallback;

		// ctor
		public DentistDashboardPage(IPublishedContent content, IPublishedValueFallback publishedValueFallback)
			: base(content, publishedValueFallback)
		{
			_publishedValueFallback = publishedValueFallback;
		}

		// properties

		///<summary>
		/// Intro Text
		///</summary>
		[global::System.CodeDom.Compiler.GeneratedCodeAttribute(""Umbraco.ModelsBuilder.Embedded"", ""16.1.1+7e82c25"")]
		[global::System.Diagnostics.CodeAnalysis.MaybeNull]
		[ImplementPropertyType(""introText"")]
		public virtual global::Umbraco.Cms.Core.Strings.IHtmlEncodedString IntroText => this.Value<global::Umbraco.Cms.Core.Strings.IHtmlEncodedString>(_publishedValueFallback, ""introText"");

		///<summary>
		/// Page Title
		///</summary>
		[global::System.CodeDom.Compiler.GeneratedCodeAttribute(""Umbraco.ModelsBuilder.Embedded"", ""16.1.1+7e82c25"")]
		[global::System.Diagnostics.CodeAnalysis.MaybeNull]
		[ImplementPropertyType(""pageTitle"")]
		public virtual string PageTitle => this.Value<string>(_publishedValueFallback, ""pageTitle"");
	}

	/// <summary>HomePage</summary>
	[PublishedModel(""homePage"")]
	public partial class HomePage : PublishedContentModel
	{
		// helpers
#pragma warning disable 0109 // new is redundant
		[global::System.CodeDom.Compiler.GeneratedCodeAttribute(""Umbraco.ModelsBuilder.Embedded"", ""16.1.1+7e82c25"")]
		public new const string ModelTypeAlias = ""homePage"";
		[global::System.CodeDom.Compiler.GeneratedCodeAttribute(""Umbraco.ModelsBuilder.Embedded"", ""16.1.1+7e82c25"")]
		public new const PublishedItemType ModelItemType = PublishedItemType.Content;
		[global::System.CodeDom.Compiler.GeneratedCodeAttribute(""Umbraco.ModelsBuilder.Embedded"", ""16.1.1+7e82c25"")]
		[return: global::System.Diagnostics.CodeAnalysis.MaybeNull]
		public new static IPublishedContentType GetModelContentType(IPublishedContentTypeCache contentTypeCache)
			=> PublishedModelUtility.GetModelContentType(contentTypeCache, ModelItemType, ModelTypeAlias);
		[global::System.CodeDom.Compiler.GeneratedCodeAttribute(""Umbraco.ModelsBuilder.Embedded"", ""16.1.1+7e82c25"")]
		[return: global::System.Diagnostics.CodeAnalysis.MaybeNull]
		public static IPublishedPropertyType GetModelPropertyType<TValue>(IPublishedContentTypeCache contentTypeCache, Expression<Func<HomePage, TValue>> selector)
			=> PublishedModelUtility.GetModelPropertyType(GetModelContentType(contentTypeCache), selector);
#pragma warning restore 0109

		private IPublishedValueFallback _publishedValueFallback;

		// ctor
		public HomePage(IPublishedContent content, IPublishedValueFallback publishedValueFallback)
			: base(content, publishedValueFallback)
		{
			_publishedValueFallback = publishedValueFallback;
		}

		// properties
	}

	/// <summary>Folder</summary>
	[PublishedModel(""Folder"")]
	public partial class Folder : PublishedContentModel
	{
		// helpers
#pragma warning disable 0109 // new is redundant
		[global::System.CodeDom.Compiler.GeneratedCodeAttribute(""Umbraco.ModelsBuilder.Embedded"", ""16.1.1+7e82c25"")]
		public new const string ModelTypeAlias = ""Folder"";
		[global::System.CodeDom.Compiler.GeneratedCodeAttribute(""Umbraco.ModelsBuilder.Embedded"", ""16.1.1+7e82c25"")]
		public new const PublishedItemType ModelItemType = PublishedItemType.Media;
		[global::System.CodeDom.Compiler.GeneratedCodeAttribute(""Umbraco.ModelsBuilder.Embedded"", ""16.1.1+7e82c25"")]
		[return: global::System.Diagnostics.CodeAnalysis.MaybeNull]
		public new static IPublishedContentType GetModelContentType(IPublishedContentTypeCache contentTypeCache)
			=> PublishedModelUtility.GetModelContentType(contentTypeCache, ModelItemType, ModelTypeAlias);
		[global::System.CodeDom.Compiler.GeneratedCodeAttribute(""Umbraco.ModelsBuilder.Embedded"", ""16.1.1+7e82c25"")]
		[return: global::System.Diagnostics.CodeAnalysis.MaybeNull]
		public static IPublishedPropertyType GetModelPropertyType<TValue>(IPublishedContentTypeCache contentTypeCache, Expression<Func<Folder, TValue>> selector)
			=> PublishedModelUtility.GetModelPropertyType(GetModelContentType(contentTypeCache), selector);
#pragma warning restore 0109

		private IPublishedValueFallback _publishedValueFallback;

		// ctor
		public Folder(IPublishedContent content, IPublishedValueFallback publishedValueFallback)
			: base(content, publishedValueFallback)
		{
			_publishedValueFallback = publishedValueFallback;
		}

		// properties
	}

	/// <summary>Image</summary>
	[PublishedModel(""Image"")]
	public partial class Image : PublishedContentModel
	{
		// helpers
#pragma warning disable 0109 // new is redundant
		[global::System.CodeDom.Compiler.GeneratedCodeAttribute(""Umbraco.ModelsBuilder.Embedded"", ""16.1.1+7e82c25"")]
		public new const string ModelTypeAlias = ""Image"";
		[global::System.CodeDom.Compiler.GeneratedCodeAttribute(""Umbraco.ModelsBuilder.Embedded"", ""16.1.1+7e82c25"")]
		public new const PublishedItemType ModelItemType = PublishedItemType.Media;
		[global::System.CodeDom.Compiler.GeneratedCodeAttribute(""Umbraco.ModelsBuilder.Embedded"", ""16.1.1+7e82c25"")]
		[return: global::System.Diagnostics.CodeAnalysis.MaybeNull]
		public new static IPublishedContentType GetModelContentType(IPublishedContentTypeCache contentTypeCache)
			=> PublishedModelUtility.GetModelContentType(contentTypeCache, ModelItemType, ModelTypeAlias);
		[global::System.CodeDom.Compiler.GeneratedCodeAttribute(""Umbraco.ModelsBuilder.Embedded"", ""16.1.1+7e82c25"")]
		[return: global::System.Diagnostics.CodeAnalysis.MaybeNull]
		public static IPublishedPropertyType GetModelPropertyType<TValue>(IPublishedContentTypeCache contentTypeCache, Expression<Func<Image, TValue>> selector)
			=> PublishedModelUtility.GetModelPropertyType(GetModelContentType(contentTypeCache), selector);
#pragma warning restore 0109

		private IPublishedValueFallback _publishedValueFallback;

		// ctor
		public Image(IPublishedContent content, IPublishedValueFallback publishedValueFallback)
			: base(content, publishedValueFallback)
		{
			_publishedValueFallback = publishedValueFallback;
		}

		// properties

		///<summary>
		/// Size: in bytes
		///</summary>
		[global::System.CodeDom.Compiler.GeneratedCodeAttribute(""Umbraco.ModelsBuilder.Embedded"", ""16.1.1+7e82c25"")]
		[ImplementPropertyType(""umbracoBytes"")]
		public virtual long UmbracoBytes => this.Value<long>(_publishedValueFallback, ""umbracoBytes"");

		///<summary>
		/// Type
		///</summary>
		[global::System.CodeDom.Compiler.GeneratedCodeAttribute(""Umbraco.ModelsBuilder.Embedded"", ""16.1.1+7e82c25"")]
		[global::System.Diagnostics.CodeAnalysis.MaybeNull]
		[ImplementPropertyType(""umbracoExtension"")]
		public virtual string UmbracoExtension => this.Value<string>(_publishedValueFallback, ""umbracoExtension"");

		///<summary>
		/// Image
		///</summary>
		[global::System.CodeDom.Compiler.GeneratedCodeAttribute(""Umbraco.ModelsBuilder.Embedded"", ""16.1.1+7e82c25"")]
		[global::System.Diagnostics.CodeAnalysis.MaybeNull]
		[ImplementPropertyType(""umbracoFile"")]
		public virtual global::Umbraco.Cms.Core.PropertyEditors.ValueConverters.ImageCropperValue UmbracoFile => this.Value<global::Umbraco.Cms.Core.PropertyEditors.ValueConverters.ImageCropperValue>(_publishedValueFallback, ""umbracoFile"");

		///<summary>
		/// Height: in pixels
		///</summary>
		[global::System.CodeDom.Compiler.GeneratedCodeAttribute(""Umbraco.ModelsBuilder.Embedded"", ""16.1.1+7e82c25"")]
		[ImplementPropertyType(""umbracoHeight"")]
		public virtual int UmbracoHeight => this.Value<int>(_publishedValueFallback, ""umbracoHeight"");

		///<summary>
		/// Width: in pixels
		///</summary>
		[global::System.CodeDom.Compiler.GeneratedCodeAttribute(""Umbraco.ModelsBuilder.Embedded"", ""16.1.1+7e82c25"")]
		[ImplementPropertyType(""umbracoWidth"")]
		public virtual int UmbracoWidth => this.Value<int>(_publishedValueFallback, ""umbracoWidth"");
	}

	/// <summary>File</summary>
	[PublishedModel(""File"")]
	public partial class File : PublishedContentModel
	{
		// helpers
#pragma warning disable 0109 // new is redundant
		[global::System.CodeDom.Compiler.GeneratedCodeAttribute(""Umbraco.ModelsBuilder.Embedded"", ""16.1.1+7e82c25"")]
		public new const string ModelTypeAlias = ""File"";
		[global::System.CodeDom.Compiler.GeneratedCodeAttribute(""Umbraco.ModelsBuilder.Embedded"", ""16.1.1+7e82c25"")]
		public new const PublishedItemType ModelItemType = PublishedItemType.Media;
		[global::System.CodeDom.Compiler.GeneratedCodeAttribute(""Umbraco.ModelsBuilder.Embedded"", ""16.1.1+7e82c25"")]
		[return: global::System.Diagnostics.CodeAnalysis.MaybeNull]
		public new static IPublishedContentType GetModelContentType(IPublishedContentTypeCache contentTypeCache)
			=> PublishedModelUtility.GetModelContentType(contentTypeCache, ModelItemType, ModelTypeAlias);
		[global::System.CodeDom.Compiler.GeneratedCodeAttribute(""Umbraco.ModelsBuilder.Embedded"", ""16.1.1+7e82c25"")]
		[return: global::System.Diagnostics.CodeAnalysis.MaybeNull]
		public static IPublishedPropertyType GetModelPropertyType<TValue>(IPublishedContentTypeCache contentTypeCache, Expression<Func<File, TValue>> selector)
			=> PublishedModelUtility.GetModelPropertyType(GetModelContentType(contentTypeCache), selector);
#pragma warning restore 0109

		private IPublishedValueFallback _publishedValueFallback;

		// ctor
		public File(IPublishedContent content, IPublishedValueFallback publishedValueFallback)
			: base(content, publishedValueFallback)
		{
			_publishedValueFallback = publishedValueFallback;
		}

		// properties

		///<summary>
		/// Size: in bytes
		///</summary>
		[global::System.CodeDom.Compiler.GeneratedCodeAttribute(""Umbraco.ModelsBuilder.Embedded"", ""16.1.1+7e82c25"")]
		[ImplementPropertyType(""umbracoBytes"")]
		public virtual long UmbracoBytes => this.Value<long>(_publishedValueFallback, ""umbracoBytes"");

		///<summary>
		/// Type
		///</summary>
		[global::System.CodeDom.Compiler.GeneratedCodeAttribute(""Umbraco.ModelsBuilder.Embedded"", ""16.1.1+7e82c25"")]
		[global::System.Diagnostics.CodeAnalysis.MaybeNull]
		[ImplementPropertyType(""umbracoExtension"")]
		public virtual string UmbracoExtension => this.Value<string>(_publishedValueFallback, ""umbracoExtension"");

		///<summary>
		/// File
		///</summary>
		[global::System.CodeDom.Compiler.GeneratedCodeAttribute(""Umbraco.ModelsBuilder.Embedded"", ""16.1.1+7e82c25"")]
		[global::System.Diagnostics.CodeAnalysis.MaybeNull]
		[ImplementPropertyType(""umbracoFile"")]
		public virtual string UmbracoFile => this.Value<string>(_publishedValueFallback, ""umbracoFile"");
	}

	/// <summary>Video</summary>
	[PublishedModel(""umbracoMediaVideo"")]
	public partial class UmbracoMediaVideo : PublishedContentModel
	{
		// helpers
#pragma warning disable 0109 // new is redundant
		[global::System.CodeDom.Compiler.GeneratedCodeAttribute(""Umbraco.ModelsBuilder.Embedded"", ""16.1.1+7e82c25"")]
		public new const string ModelTypeAlias = ""umbracoMediaVideo"";
		[global::System.CodeDom.Compiler.GeneratedCodeAttribute(""Umbraco.ModelsBuilder.Embedded"", ""16.1.1+7e82c25"")]
		public new const PublishedItemType ModelItemType = PublishedItemType.Media;
		[global::System.CodeDom.Compiler.GeneratedCodeAttribute(""Umbraco.ModelsBuilder.Embedded"", ""16.1.1+7e82c25"")]
		[return: global::System.Diagnostics.CodeAnalysis.MaybeNull]
		public new static IPublishedContentType GetModelContentType(IPublishedContentTypeCache contentTypeCache)
			=> PublishedModelUtility.GetModelContentType(contentTypeCache, ModelItemType, ModelTypeAlias);
		[global::System.CodeDom.Compiler.GeneratedCodeAttribute(""Umbraco.ModelsBuilder.Embedded"", ""16.1.1+7e82c25"")]
		[return: global::System.Diagnostics.CodeAnalysis.MaybeNull]
		public static IPublishedPropertyType GetModelPropertyType<TValue>(IPublishedContentTypeCache contentTypeCache, Expression<Func<UmbracoMediaVideo, TValue>> selector)
			=> PublishedModelUtility.GetModelPropertyType(GetModelContentType(contentTypeCache), selector);
#pragma warning restore 0109

		private IPublishedValueFallback _publishedValueFallback;

		// ctor
		public UmbracoMediaVideo(IPublishedContent content, IPublishedValueFallback publishedValueFallback)
			: base(content, publishedValueFallback)
		{
			_publishedValueFallback = publishedValueFallback;
		}

		// properties

		///<summary>
		/// Size: in bytes
		///</summary>
		[global::System.CodeDom.Compiler.GeneratedCodeAttribute(""Umbraco.ModelsBuilder.Embedded"", ""16.1.1+7e82c25"")]
		[ImplementPropertyType(""umbracoBytes"")]
		public virtual long UmbracoBytes => this.Value<long>(_publishedValueFallback, ""umbracoBytes"");

		///<summary>
		/// Type
		///</summary>
		[global::System.CodeDom.Compiler.GeneratedCodeAttribute(""Umbraco.ModelsBuilder.Embedded"", ""16.1.1+7e82c25"")]
		[global::System.Diagnostics.CodeAnalysis.MaybeNull]
		[ImplementPropertyType(""umbracoExtension"")]
		public virtual string UmbracoExtension => this.Value<string>(_publishedValueFallback, ""umbracoExtension"");

		///<summary>
		/// Video
		///</summary>
		[global::System.CodeDom.Compiler.GeneratedCodeAttribute(""Umbraco.ModelsBuilder.Embedded"", ""16.1.1+7e82c25"")]
		[global::System.Diagnostics.CodeAnalysis.MaybeNull]
		[ImplementPropertyType(""umbracoFile"")]
		public virtual string UmbracoFile => this.Value<string>(_publishedValueFallback, ""umbracoFile"");
	}

	/// <summary>Audio</summary>
	[PublishedModel(""umbracoMediaAudio"")]
	public partial class UmbracoMediaAudio : PublishedContentModel
	{
		// helpers
#pragma warning disable 0109 // new is redundant
		[global::System.CodeDom.Compiler.GeneratedCodeAttribute(""Umbraco.ModelsBuilder.Embedded"", ""16.1.1+7e82c25"")]
		public new const string ModelTypeAlias = ""umbracoMediaAudio"";
		[global::System.CodeDom.Compiler.GeneratedCodeAttribute(""Umbraco.ModelsBuilder.Embedded"", ""16.1.1+7e82c25"")]
		public new const PublishedItemType ModelItemType = PublishedItemType.Media;
		[global::System.CodeDom.Compiler.GeneratedCodeAttribute(""Umbraco.ModelsBuilder.Embedded"", ""16.1.1+7e82c25"")]
		[return: global::System.Diagnostics.CodeAnalysis.MaybeNull]
		public new static IPublishedContentType GetModelContentType(IPublishedContentTypeCache contentTypeCache)
			=> PublishedModelUtility.GetModelContentType(contentTypeCache, ModelItemType, ModelTypeAlias);
		[global::System.CodeDom.Compiler.GeneratedCodeAttribute(""Umbraco.ModelsBuilder.Embedded"", ""16.1.1+7e82c25"")]
		[return: global::System.Diagnostics.CodeAnalysis.MaybeNull]
		public static IPublishedPropertyType GetModelPropertyType<TValue>(IPublishedContentTypeCache contentTypeCache, Expression<Func<UmbracoMediaAudio, TValue>> selector)
			=> PublishedModelUtility.GetModelPropertyType(GetModelContentType(contentTypeCache), selector);
#pragma warning restore 0109

		private IPublishedValueFallback _publishedValueFallback;

		// ctor
		public UmbracoMediaAudio(IPublishedContent content, IPublishedValueFallback publishedValueFallback)
			: base(content, publishedValueFallback)
		{
			_publishedValueFallback = publishedValueFallback;
		}

		// properties

		///<summary>
		/// Size: in bytes
		///</summary>
		[global::System.CodeDom.Compiler.GeneratedCodeAttribute(""Umbraco.ModelsBuilder.Embedded"", ""16.1.1+7e82c25"")]
		[ImplementPropertyType(""umbracoBytes"")]
		public virtual long UmbracoBytes => this.Value<long>(_publishedValueFallback, ""umbracoBytes"");

		///<summary>
		/// Type
		///</summary>
		[global::System.CodeDom.Compiler.GeneratedCodeAttribute(""Umbraco.ModelsBuilder.Embedded"", ""16.1.1+7e82c25"")]
		[global::System.Diagnostics.CodeAnalysis.MaybeNull]
		[ImplementPropertyType(""umbracoExtension"")]
		public virtual string UmbracoExtension => this.Value<string>(_publishedValueFallback, ""umbracoExtension"");

		///<summary>
		/// Audio
		///</summary>
		[global::System.CodeDom.Compiler.GeneratedCodeAttribute(""Umbraco.ModelsBuilder.Embedded"", ""16.1.1+7e82c25"")]
		[global::System.Diagnostics.CodeAnalysis.MaybeNull]
		[ImplementPropertyType(""umbracoFile"")]
		public virtual string UmbracoFile => this.Value<string>(_publishedValueFallback, ""umbracoFile"");
	}

	/// <summary>Article</summary>
	[PublishedModel(""umbracoMediaArticle"")]
	public partial class UmbracoMediaArticle : PublishedContentModel
	{
		// helpers
#pragma warning disable 0109 // new is redundant
		[global::System.CodeDom.Compiler.GeneratedCodeAttribute(""Umbraco.ModelsBuilder.Embedded"", ""16.1.1+7e82c25"")]
		public new const string ModelTypeAlias = ""umbracoMediaArticle"";
		[global::System.CodeDom.Compiler.GeneratedCodeAttribute(""Umbraco.ModelsBuilder.Embedded"", ""16.1.1+7e82c25"")]
		public new const PublishedItemType ModelItemType = PublishedItemType.Media;
		[global::System.CodeDom.Compiler.GeneratedCodeAttribute(""Umbraco.ModelsBuilder.Embedded"", ""16.1.1+7e82c25"")]
		[return: global::System.Diagnostics.CodeAnalysis.MaybeNull]
		public new static IPublishedContentType GetModelContentType(IPublishedContentTypeCache contentTypeCache)
			=> PublishedModelUtility.GetModelContentType(contentTypeCache, ModelItemType, ModelTypeAlias);
		[global::System.CodeDom.Compiler.GeneratedCodeAttribute(""Umbraco.ModelsBuilder.Embedded"", ""16.1.1+7e82c25"")]
		[return: global::System.Diagnostics.CodeAnalysis.MaybeNull]
		public static IPublishedPropertyType GetModelPropertyType<TValue>(IPublishedContentTypeCache contentTypeCache, Expression<Func<UmbracoMediaArticle, TValue>> selector)
			=> PublishedModelUtility.GetModelPropertyType(GetModelContentType(contentTypeCache), selector);
#pragma warning restore 0109

		private IPublishedValueFallback _publishedValueFallback;

		// ctor
		public UmbracoMediaArticle(IPublishedContent content, IPublishedValueFallback publishedValueFallback)
			: base(content, publishedValueFallback)
		{
			_publishedValueFallback = publishedValueFallback;
		}

		// properties

		///<summary>
		/// Size: in bytes
		///</summary>
		[global::System.CodeDom.Compiler.GeneratedCodeAttribute(""Umbraco.ModelsBuilder.Embedded"", ""16.1.1+7e82c25"")]
		[ImplementPropertyType(""umbracoBytes"")]
		public virtual long UmbracoBytes => this.Value<long>(_publishedValueFallback, ""umbracoBytes"");

		///<summary>
		/// Type
		///</summary>
		[global::System.CodeDom.Compiler.GeneratedCodeAttribute(""Umbraco.ModelsBuilder.Embedded"", ""16.1.1+7e82c25"")]
		[global::System.Diagnostics.CodeAnalysis.MaybeNull]
		[ImplementPropertyType(""umbracoExtension"")]
		public virtual string UmbracoExtension => this.Value<string>(_publishedValueFallback, ""umbracoExtension"");

		///<summary>
		/// Article
		///</summary>
		[global::System.CodeDom.Compiler.GeneratedCodeAttribute(""Umbraco.ModelsBuilder.Embedded"", ""16.1.1+7e82c25"")]
		[global::System.Diagnostics.CodeAnalysis.MaybeNull]
		[ImplementPropertyType(""umbracoFile"")]
		public virtual string UmbracoFile => this.Value<string>(_publishedValueFallback, ""umbracoFile"");
	}

	/// <summary>Vector Graphics (SVG)</summary>
	[PublishedModel(""umbracoMediaVectorGraphics"")]
	public partial class UmbracoMediaVectorGraphics : PublishedContentModel
	{
		// helpers
#pragma warning disable 0109 // new is redundant
		[global::System.CodeDom.Compiler.GeneratedCodeAttribute(""Umbraco.ModelsBuilder.Embedded"", ""16.1.1+7e82c25"")]
		public new const string ModelTypeAlias = ""umbracoMediaVectorGraphics"";
		[global::System.CodeDom.Compiler.GeneratedCodeAttribute(""Umbraco.ModelsBuilder.Embedded"", ""16.1.1+7e82c25"")]
		public new const PublishedItemType ModelItemType = PublishedItemType.Media;
		[global::System.CodeDom.Compiler.GeneratedCodeAttribute(""Umbraco.ModelsBuilder.Embedded"", ""16.1.1+7e82c25"")]
		[return: global::System.Diagnostics.CodeAnalysis.MaybeNull]
		public new static IPublishedContentType GetModelContentType(IPublishedContentTypeCache contentTypeCache)
			=> PublishedModelUtility.GetModelContentType(contentTypeCache, ModelItemType, ModelTypeAlias);
		[global::System.CodeDom.Compiler.GeneratedCodeAttribute(""Umbraco.ModelsBuilder.Embedded"", ""16.1.1+7e82c25"")]
		[return: global::System.Diagnostics.CodeAnalysis.MaybeNull]
		public static IPublishedPropertyType GetModelPropertyType<TValue>(IPublishedContentTypeCache contentTypeCache, Expression<Func<UmbracoMediaVectorGraphics, TValue>> selector)
			=> PublishedModelUtility.GetModelPropertyType(GetModelContentType(contentTypeCache), selector);
#pragma warning restore 0109

		private IPublishedValueFallback _publishedValueFallback;

		// ctor
		public UmbracoMediaVectorGraphics(IPublishedContent content, IPublishedValueFallback publishedValueFallback)
			: base(content, publishedValueFallback)
		{
			_publishedValueFallback = publishedValueFallback;
		}

		// properties

		///<summary>
		/// Size: in bytes
		///</summary>
		[global::System.CodeDom.Compiler.GeneratedCodeAttribute(""Umbraco.ModelsBuilder.Embedded"", ""16.1.1+7e82c25"")]
		[ImplementPropertyType(""umbracoBytes"")]
		public virtual long UmbracoBytes => this.Value<long>(_publishedValueFallback, ""umbracoBytes"");

		///<summary>
		/// Type
		///</summary>
		[global::System.CodeDom.Compiler.GeneratedCodeAttribute(""Umbraco.ModelsBuilder.Embedded"", ""16.1.1+7e82c25"")]
		[global::System.Diagnostics.CodeAnalysis.MaybeNull]
		[ImplementPropertyType(""umbracoExtension"")]
		public virtual string UmbracoExtension => this.Value<string>(_publishedValueFallback, ""umbracoExtension"");

		///<summary>
		/// Vector Graphics
		///</summary>
		[global::System.CodeDom.Compiler.GeneratedCodeAttribute(""Umbraco.ModelsBuilder.Embedded"", ""16.1.1+7e82c25"")]
		[global::System.Diagnostics.CodeAnalysis.MaybeNull]
		[ImplementPropertyType(""umbracoFile"")]
		public virtual string UmbracoFile => this.Value<string>(_publishedValueFallback, ""umbracoFile"");
	}

	/// <summary>Member</summary>
	[PublishedModel(""Member"")]
	public partial class Member : PublishedContentModel
	{
		// helpers
#pragma warning disable 0109 // new is redundant
		[global::System.CodeDom.Compiler.GeneratedCodeAttribute(""Umbraco.ModelsBuilder.Embedded"", ""16.1.1+7e82c25"")]
		public new const string ModelTypeAlias = ""Member"";
		[global::System.CodeDom.Compiler.GeneratedCodeAttribute(""Umbraco.ModelsBuilder.Embedded"", ""16.1.1+7e82c25"")]
		public new const PublishedItemType ModelItemType = PublishedItemType.Member;
		[global::System.CodeDom.Compiler.GeneratedCodeAttribute(""Umbraco.ModelsBuilder.Embedded"", ""16.1.1+7e82c25"")]
		[return: global::System.Diagnostics.CodeAnalysis.MaybeNull]
		public new static IPublishedContentType GetModelContentType(IPublishedContentTypeCache contentTypeCache)
			=> PublishedModelUtility.GetModelContentType(contentTypeCache, ModelItemType, ModelTypeAlias);
		[global::System.CodeDom.Compiler.GeneratedCodeAttribute(""Umbraco.ModelsBuilder.Embedded"", ""16.1.1+7e82c25"")]
		[return: global::System.Diagnostics.CodeAnalysis.MaybeNull]
		public static IPublishedPropertyType GetModelPropertyType<TValue>(IPublishedContentTypeCache contentTypeCache, Expression<Func<Member, TValue>> selector)
			=> PublishedModelUtility.GetModelPropertyType(GetModelContentType(contentTypeCache), selector);
#pragma warning restore 0109

		private IPublishedValueFallback _publishedValueFallback;

		// ctor
		public Member(IPublishedContent content, IPublishedValueFallback publishedValueFallback)
			: base(content, publishedValueFallback)
		{
			_publishedValueFallback = publishedValueFallback;
		}

		// properties

		///<summary>
		/// Comments
		///</summary>
		[global::System.CodeDom.Compiler.GeneratedCodeAttribute(""Umbraco.ModelsBuilder.Embedded"", ""16.1.1+7e82c25"")]
		[global::System.Diagnostics.CodeAnalysis.MaybeNull]
		[ImplementPropertyType(""umbracoMemberComments"")]
		public virtual string UmbracoMemberComments => this.Value<string>(_publishedValueFallback, ""umbracoMemberComments"");
	}

}



// EOF
"
"TEMP","C:\Users\Amjad\source\repos\DentalClinic\DentalClinic.Cms\umbraco\Data\TEMP\InMemoryAuto\models.generated.cs","models.generated.cs",".cs","//------------------------------------------------------------------------------
// <auto-generated>
//   This code was generated by a tool.
//
//    Umbraco.ModelsBuilder.Embedded v16.1.1+7e82c25
//
//   Changes to this file will be lost if the code is regenerated.
// </auto-generated>
//------------------------------------------------------------------------------

using System;
using System.Linq.Expressions;
using Umbraco.Cms.Core.Models.PublishedContent;
using Umbraco.Cms.Core.PublishedCache;
using Umbraco.Cms.Infrastructure.ModelsBuilder;
using Umbraco.Cms.Core;
using Umbraco.Extensions;

[assembly:ModelsBuilderAssembly(IsInMemory = true, SourceHash = ""2577e677f0d43fc6497023a372a94904e4f4c1bc"")]
[assembly:System.Reflection.AssemblyVersion(""0.0.0.5"")]

namespace Umbraco.Cms.Web.Common.PublishedModels
{
	/// <summary>Booking Page</summary>
	[PublishedModel(""bookingPage"")]
	public partial class BookingPage : PublishedContentModel
	{
		// helpers
#pragma warning disable 0109 // new is redundant
		[global::System.CodeDom.Compiler.GeneratedCodeAttribute(""Umbraco.ModelsBuilder.Embedded"", ""16.1.1+7e82c25"")]
		public new const string ModelTypeAlias = ""bookingPage"";
		[global::System.CodeDom.Compiler.GeneratedCodeAttribute(""Umbraco.ModelsBuilder.Embedded"", ""16.1.1+7e82c25"")]
		public new const PublishedItemType ModelItemType = PublishedItemType.Content;
		[global::System.CodeDom.Compiler.GeneratedCodeAttribute(""Umbraco.ModelsBuilder.Embedded"", ""16.1.1+7e82c25"")]
		[return: global::System.Diagnostics.CodeAnalysis.MaybeNull]
		public new static IPublishedContentType GetModelContentType(IPublishedContentTypeCache contentTypeCache)
			=> PublishedModelUtility.GetModelContentType(contentTypeCache, ModelItemType, ModelTypeAlias);
		[global::System.CodeDom.Compiler.GeneratedCodeAttribute(""Umbraco.ModelsBuilder.Embedded"", ""16.1.1+7e82c25"")]
		[return: global::System.Diagnostics.CodeAnalysis.MaybeNull]
		public static IPublishedPropertyType GetModelPropertyType<TValue>(IPublishedContentTypeCache contentTypeCache, Expression<Func<BookingPage, TValue>> selector)
			=> PublishedModelUtility.GetModelPropertyType(GetModelContentType(contentTypeCache), selector);
#pragma warning restore 0109

		private IPublishedValueFallback _publishedValueFallback;

		// ctor
		public BookingPage(IPublishedContent content, IPublishedValueFallback publishedValueFallback)
			: base(content, publishedValueFallback)
		{
			_publishedValueFallback = publishedValueFallback;
		}

		// properties

		///<summary>
		/// Booking Page Title
		///</summary>
		[global::System.CodeDom.Compiler.GeneratedCodeAttribute(""Umbraco.ModelsBuilder.Embedded"", ""16.1.1+7e82c25"")]
		[global::System.Diagnostics.CodeAnalysis.MaybeNull]
		[ImplementPropertyType(""bookingPageTitle"")]
		public virtual string BookingPageTitle => this.Value<string>(_publishedValueFallback, ""bookingPageTitle"");
	}

	/// <summary>Login Page</summary>
	[PublishedModel(""loginPage"")]
	public partial class LoginPage : PublishedContentModel
	{
		// helpers
#pragma warning disable 0109 // new is redundant
		[global::System.CodeDom.Compiler.GeneratedCodeAttribute(""Umbraco.ModelsBuilder.Embedded"", ""16.1.1+7e82c25"")]
		public new const string ModelTypeAlias = ""loginPage"";
		[global::System.CodeDom.Compiler.GeneratedCodeAttribute(""Umbraco.ModelsBuilder.Embedded"", ""16.1.1+7e82c25"")]
		public new const PublishedItemType ModelItemType = PublishedItemType.Content;
		[global::System.CodeDom.Compiler.GeneratedCodeAttribute(""Umbraco.ModelsBuilder.Embedded"", ""16.1.1+7e82c25"")]
		[return: global::System.Diagnostics.CodeAnalysis.MaybeNull]
		public new static IPublishedContentType GetModelContentType(IPublishedContentTypeCache contentTypeCache)
			=> PublishedModelUtility.GetModelContentType(contentTypeCache, ModelItemType, ModelTypeAlias);
		[global::System.CodeDom.Compiler.GeneratedCodeAttribute(""Umbraco.ModelsBuilder.Embedded"", ""16.1.1+7e82c25"")]
		[return: global::System.Diagnostics.CodeAnalysis.MaybeNull]
		public static IPublishedPropertyType GetModelPropertyType<TValue>(IPublishedContentTypeCache contentTypeCache, Expression<Func<LoginPage, TValue>> selector)
			=> PublishedModelUtility.GetModelPropertyType(GetModelContentType(contentTypeCache), selector);
#pragma warning restore 0109

		private IPublishedValueFallback _publishedValueFallback;

		// ctor
		public LoginPage(IPublishedContent content, IPublishedValueFallback publishedValueFallback)
			: base(content, publishedValueFallback)
		{
			_publishedValueFallback = publishedValueFallback;
		}

		// properties
	}

	/// <summary>RegisterPage</summary>
	[PublishedModel(""registerPage"")]
	public partial class RegisterPage : PublishedContentModel
	{
		// helpers
#pragma warning disable 0109 // new is redundant
		[global::System.CodeDom.Compiler.GeneratedCodeAttribute(""Umbraco.ModelsBuilder.Embedded"", ""16.1.1+7e82c25"")]
		public new const string ModelTypeAlias = ""registerPage"";
		[global::System.CodeDom.Compiler.GeneratedCodeAttribute(""Umbraco.ModelsBuilder.Embedded"", ""16.1.1+7e82c25"")]
		public new const PublishedItemType ModelItemType = PublishedItemType.Content;
		[global::System.CodeDom.Compiler.GeneratedCodeAttribute(""Umbraco.ModelsBuilder.Embedded"", ""16.1.1+7e82c25"")]
		[return: global::System.Diagnostics.CodeAnalysis.MaybeNull]
		public new static IPublishedContentType GetModelContentType(IPublishedContentTypeCache contentTypeCache)
			=> PublishedModelUtility.GetModelContentType(contentTypeCache, ModelItemType, ModelTypeAlias);
		[global::System.CodeDom.Compiler.GeneratedCodeAttribute(""Umbraco.ModelsBuilder.Embedded"", ""16.1.1+7e82c25"")]
		[return: global::System.Diagnostics.CodeAnalysis.MaybeNull]
		public static IPublishedPropertyType GetModelPropertyType<TValue>(IPublishedContentTypeCache contentTypeCache, Expression<Func<RegisterPage, TValue>> selector)
			=> PublishedModelUtility.GetModelPropertyType(GetModelContentType(contentTypeCache), selector);
#pragma warning restore 0109

		private IPublishedValueFallback _publishedValueFallback;

		// ctor
		public RegisterPage(IPublishedContent content, IPublishedValueFallback publishedValueFallback)
			: base(content, publishedValueFallback)
		{
			_publishedValueFallback = publishedValueFallback;
		}

		// properties

		///<summary>
		/// registerPageTitle
		///</summary>
		[global::System.CodeDom.Compiler.GeneratedCodeAttribute(""Umbraco.ModelsBuilder.Embedded"", ""16.1.1+7e82c25"")]
		[global::System.Diagnostics.CodeAnalysis.MaybeNull]
		[ImplementPropertyType(""registerPageTitle"")]
		public virtual string RegisterPageTitle => this.Value<string>(_publishedValueFallback, ""registerPageTitle"");
	}

	/// <summary>MyAppointments Page</summary>
	[PublishedModel(""myAppointmentsPage"")]
	public partial class MyAppointmentsPage : PublishedContentModel
	{
		// helpers
#pragma warning disable 0109 // new is redundant
		[global::System.CodeDom.Compiler.GeneratedCodeAttribute(""Umbraco.ModelsBuilder.Embedded"", ""16.1.1+7e82c25"")]
		public new const string ModelTypeAlias = ""myAppointmentsPage"";
		[global::System.CodeDom.Compiler.GeneratedCodeAttribute(""Umbraco.ModelsBuilder.Embedded"", ""16.1.1+7e82c25"")]
		public new const PublishedItemType ModelItemType = PublishedItemType.Content;
		[global::System.CodeDom.Compiler.GeneratedCodeAttribute(""Umbraco.ModelsBuilder.Embedded"", ""16.1.1+7e82c25"")]
		[return: global::System.Diagnostics.CodeAnalysis.MaybeNull]
		public new static IPublishedContentType GetModelContentType(IPublishedContentTypeCache contentTypeCache)
			=> PublishedModelUtility.GetModelContentType(contentTypeCache, ModelItemType, ModelTypeAlias);
		[global::System.CodeDom.Compiler.GeneratedCodeAttribute(""Umbraco.ModelsBuilder.Embedded"", ""16.1.1+7e82c25"")]
		[return: global::System.Diagnostics.CodeAnalysis.MaybeNull]
		public static IPublishedPropertyType GetModelPropertyType<TValue>(IPublishedContentTypeCache contentTypeCache, Expression<Func<MyAppointmentsPage, TValue>> selector)
			=> PublishedModelUtility.GetModelPropertyType(GetModelContentType(contentTypeCache), selector);
#pragma warning restore 0109

		private IPublishedValueFallback _publishedValueFallback;

		// ctor
		public MyAppointmentsPage(IPublishedContent content, IPublishedValueFallback publishedValueFallback)
			: base(content, publishedValueFallback)
		{
			_publishedValueFallback = publishedValueFallback;
		}

		// properties
	}

	/// <summary>Payment Page</summary>
	[PublishedModel(""paymentPage"")]
	public partial class PaymentPage : PublishedContentModel
	{
		// helpers
#pragma warning disable 0109 // new is redundant
		[global::System.CodeDom.Compiler.GeneratedCodeAttribute(""Umbraco.ModelsBuilder.Embedded"", ""16.1.1+7e82c25"")]
		public new const string ModelTypeAlias = ""paymentPage"";
		[global::System.CodeDom.Compiler.GeneratedCodeAttribute(""Umbraco.ModelsBuilder.Embedded"", ""16.1.1+7e82c25"")]
		public new const PublishedItemType ModelItemType = PublishedItemType.Content;
		[global::System.CodeDom.Compiler.GeneratedCodeAttribute(""Umbraco.ModelsBuilder.Embedded"", ""16.1.1+7e82c25"")]
		[return: global::System.Diagnostics.CodeAnalysis.MaybeNull]
		public new static IPublishedContentType GetModelContentType(IPublishedContentTypeCache contentTypeCache)
			=> PublishedModelUtility.GetModelContentType(contentTypeCache, ModelItemType, ModelTypeAlias);
		[global::System.CodeDom.Compiler.GeneratedCodeAttribute(""Umbraco.ModelsBuilder.Embedded"", ""16.1.1+7e82c25"")]
		[return: global::System.Diagnostics.CodeAnalysis.MaybeNull]
		public static IPublishedPropertyType GetModelPropertyType<TValue>(IPublishedContentTypeCache contentTypeCache, Expression<Func<PaymentPage, TValue>> selector)
			=> PublishedModelUtility.GetModelPropertyType(GetModelContentType(contentTypeCache), selector);
#pragma warning restore 0109

		private IPublishedValueFallback _publishedValueFallback;

		// ctor
		public PaymentPage(IPublishedContent content, IPublishedValueFallback publishedValueFallback)
			: base(content, publishedValueFallback)
		{
			_publishedValueFallback = publishedValueFallback;
		}

		// properties

		///<summary>
		/// Payment Page Title
		///</summary>
		[global::System.CodeDom.Compiler.GeneratedCodeAttribute(""Umbraco.ModelsBuilder.Embedded"", ""16.1.1+7e82c25"")]
		[global::System.Diagnostics.CodeAnalysis.MaybeNull]
		[ImplementPropertyType(""paymentPageTitle"")]
		public virtual string PaymentPageTitle => this.Value<string>(_publishedValueFallback, ""paymentPageTitle"");
	}

	/// <summary>Dentist Dashboard Page</summary>
	[PublishedModel(""dentistDashboardPage"")]
	public partial class DentistDashboardPage : PublishedContentModel
	{
		// helpers
#pragma warning disable 0109 // new is redundant
		[global::System.CodeDom.Compiler.GeneratedCodeAttribute(""Umbraco.ModelsBuilder.Embedded"", ""16.1.1+7e82c25"")]
		public new const string ModelTypeAlias = ""dentistDashboardPage"";
		[global::System.CodeDom.Compiler.GeneratedCodeAttribute(""Umbraco.ModelsBuilder.Embedded"", ""16.1.1+7e82c25"")]
		public new const PublishedItemType ModelItemType = PublishedItemType.Content;
		[global::System.CodeDom.Compiler.GeneratedCodeAttribute(""Umbraco.ModelsBuilder.Embedded"", ""16.1.1+7e82c25"")]
		[return: global::System.Diagnostics.CodeAnalysis.MaybeNull]
		public new static IPublishedContentType GetModelContentType(IPublishedContentTypeCache contentTypeCache)
			=> PublishedModelUtility.GetModelContentType(contentTypeCache, ModelItemType, ModelTypeAlias);
		[global::System.CodeDom.Compiler.GeneratedCodeAttribute(""Umbraco.ModelsBuilder.Embedded"", ""16.1.1+7e82c25"")]
		[return: global::System.Diagnostics.CodeAnalysis.MaybeNull]
		public static IPublishedPropertyType GetModelPropertyType<TValue>(IPublishedContentTypeCache contentTypeCache, Expression<Func<DentistDashboardPage, TValue>> selector)
			=> PublishedModelUtility.GetModelPropertyType(GetModelContentType(contentTypeCache), selector);
#pragma warning restore 0109

		private IPublishedValueFallback _publishedValueFallback;

		// ctor
		public DentistDashboardPage(IPublishedContent content, IPublishedValueFallback publishedValueFallback)
			: base(content, publishedValueFallback)
		{
			_publishedValueFallback = publishedValueFallback;
		}

		// properties

		///<summary>
		/// Intro Text
		///</summary>
		[global::System.CodeDom.Compiler.GeneratedCodeAttribute(""Umbraco.ModelsBuilder.Embedded"", ""16.1.1+7e82c25"")]
		[global::System.Diagnostics.CodeAnalysis.MaybeNull]
		[ImplementPropertyType(""introText"")]
		public virtual global::Umbraco.Cms.Core.Strings.IHtmlEncodedString IntroText => this.Value<global::Umbraco.Cms.Core.Strings.IHtmlEncodedString>(_publishedValueFallback, ""introText"");

		///<summary>
		/// Page Title
		///</summary>
		[global::System.CodeDom.Compiler.GeneratedCodeAttribute(""Umbraco.ModelsBuilder.Embedded"", ""16.1.1+7e82c25"")]
		[global::System.Diagnostics.CodeAnalysis.MaybeNull]
		[ImplementPropertyType(""pageTitle"")]
		public virtual string PageTitle => this.Value<string>(_publishedValueFallback, ""pageTitle"");
	}

	/// <summary>HomePage</summary>
	[PublishedModel(""homePage"")]
	public partial class HomePage : PublishedContentModel
	{
		// helpers
#pragma warning disable 0109 // new is redundant
		[global::System.CodeDom.Compiler.GeneratedCodeAttribute(""Umbraco.ModelsBuilder.Embedded"", ""16.1.1+7e82c25"")]
		public new const string ModelTypeAlias = ""homePage"";
		[global::System.CodeDom.Compiler.GeneratedCodeAttribute(""Umbraco.ModelsBuilder.Embedded"", ""16.1.1+7e82c25"")]
		public new const PublishedItemType ModelItemType = PublishedItemType.Content;
		[global::System.CodeDom.Compiler.GeneratedCodeAttribute(""Umbraco.ModelsBuilder.Embedded"", ""16.1.1+7e82c25"")]
		[return: global::System.Diagnostics.CodeAnalysis.MaybeNull]
		public new static IPublishedContentType GetModelContentType(IPublishedContentTypeCache contentTypeCache)
			=> PublishedModelUtility.GetModelContentType(contentTypeCache, ModelItemType, ModelTypeAlias);
		[global::System.CodeDom.Compiler.GeneratedCodeAttribute(""Umbraco.ModelsBuilder.Embedded"", ""16.1.1+7e82c25"")]
		[return: global::System.Diagnostics.CodeAnalysis.MaybeNull]
		public static IPublishedPropertyType GetModelPropertyType<TValue>(IPublishedContentTypeCache contentTypeCache, Expression<Func<HomePage, TValue>> selector)
			=> PublishedModelUtility.GetModelPropertyType(GetModelContentType(contentTypeCache), selector);
#pragma warning restore 0109

		private IPublishedValueFallback _publishedValueFallback;

		// ctor
		public HomePage(IPublishedContent content, IPublishedValueFallback publishedValueFallback)
			: base(content, publishedValueFallback)
		{
			_publishedValueFallback = publishedValueFallback;
		}

		// properties
	}

	/// <summary>Folder</summary>
	[PublishedModel(""Folder"")]
	public partial class Folder : PublishedContentModel
	{
		// helpers
#pragma warning disable 0109 // new is redundant
		[global::System.CodeDom.Compiler.GeneratedCodeAttribute(""Umbraco.ModelsBuilder.Embedded"", ""16.1.1+7e82c25"")]
		public new const string ModelTypeAlias = ""Folder"";
		[global::System.CodeDom.Compiler.GeneratedCodeAttribute(""Umbraco.ModelsBuilder.Embedded"", ""16.1.1+7e82c25"")]
		public new const PublishedItemType ModelItemType = PublishedItemType.Media;
		[global::System.CodeDom.Compiler.GeneratedCodeAttribute(""Umbraco.ModelsBuilder.Embedded"", ""16.1.1+7e82c25"")]
		[return: global::System.Diagnostics.CodeAnalysis.MaybeNull]
		public new static IPublishedContentType GetModelContentType(IPublishedContentTypeCache contentTypeCache)
			=> PublishedModelUtility.GetModelContentType(contentTypeCache, ModelItemType, ModelTypeAlias);
		[global::System.CodeDom.Compiler.GeneratedCodeAttribute(""Umbraco.ModelsBuilder.Embedded"", ""16.1.1+7e82c25"")]
		[return: global::System.Diagnostics.CodeAnalysis.MaybeNull]
		public static IPublishedPropertyType GetModelPropertyType<TValue>(IPublishedContentTypeCache contentTypeCache, Expression<Func<Folder, TValue>> selector)
			=> PublishedModelUtility.GetModelPropertyType(GetModelContentType(contentTypeCache), selector);
#pragma warning restore 0109

		private IPublishedValueFallback _publishedValueFallback;

		// ctor
		public Folder(IPublishedContent content, IPublishedValueFallback publishedValueFallback)
			: base(content, publishedValueFallback)
		{
			_publishedValueFallback = publishedValueFallback;
		}

		// properties
	}

	/// <summary>Image</summary>
	[PublishedModel(""Image"")]
	public partial class Image : PublishedContentModel
	{
		// helpers
#pragma warning disable 0109 // new is redundant
		[global::System.CodeDom.Compiler.GeneratedCodeAttribute(""Umbraco.ModelsBuilder.Embedded"", ""16.1.1+7e82c25"")]
		public new const string ModelTypeAlias = ""Image"";
		[global::System.CodeDom.Compiler.GeneratedCodeAttribute(""Umbraco.ModelsBuilder.Embedded"", ""16.1.1+7e82c25"")]
		public new const PublishedItemType ModelItemType = PublishedItemType.Media;
		[global::System.CodeDom.Compiler.GeneratedCodeAttribute(""Umbraco.ModelsBuilder.Embedded"", ""16.1.1+7e82c25"")]
		[return: global::System.Diagnostics.CodeAnalysis.MaybeNull]
		public new static IPublishedContentType GetModelContentType(IPublishedContentTypeCache contentTypeCache)
			=> PublishedModelUtility.GetModelContentType(contentTypeCache, ModelItemType, ModelTypeAlias);
		[global::System.CodeDom.Compiler.GeneratedCodeAttribute(""Umbraco.ModelsBuilder.Embedded"", ""16.1.1+7e82c25"")]
		[return: global::System.Diagnostics.CodeAnalysis.MaybeNull]
		public static IPublishedPropertyType GetModelPropertyType<TValue>(IPublishedContentTypeCache contentTypeCache, Expression<Func<Image, TValue>> selector)
			=> PublishedModelUtility.GetModelPropertyType(GetModelContentType(contentTypeCache), selector);
#pragma warning restore 0109

		private IPublishedValueFallback _publishedValueFallback;

		// ctor
		public Image(IPublishedContent content, IPublishedValueFallback publishedValueFallback)
			: base(content, publishedValueFallback)
		{
			_publishedValueFallback = publishedValueFallback;
		}

		// properties

		///<summary>
		/// Size: in bytes
		///</summary>
		[global::System.CodeDom.Compiler.GeneratedCodeAttribute(""Umbraco.ModelsBuilder.Embedded"", ""16.1.1+7e82c25"")]
		[ImplementPropertyType(""umbracoBytes"")]
		public virtual long UmbracoBytes => this.Value<long>(_publishedValueFallback, ""umbracoBytes"");

		///<summary>
		/// Type
		///</summary>
		[global::System.CodeDom.Compiler.GeneratedCodeAttribute(""Umbraco.ModelsBuilder.Embedded"", ""16.1.1+7e82c25"")]
		[global::System.Diagnostics.CodeAnalysis.MaybeNull]
		[ImplementPropertyType(""umbracoExtension"")]
		public virtual string UmbracoExtension => this.Value<string>(_publishedValueFallback, ""umbracoExtension"");

		///<summary>
		/// Image
		///</summary>
		[global::System.CodeDom.Compiler.GeneratedCodeAttribute(""Umbraco.ModelsBuilder.Embedded"", ""16.1.1+7e82c25"")]
		[global::System.Diagnostics.CodeAnalysis.MaybeNull]
		[ImplementPropertyType(""umbracoFile"")]
		public virtual global::Umbraco.Cms.Core.PropertyEditors.ValueConverters.ImageCropperValue UmbracoFile => this.Value<global::Umbraco.Cms.Core.PropertyEditors.ValueConverters.ImageCropperValue>(_publishedValueFallback, ""umbracoFile"");

		///<summary>
		/// Height: in pixels
		///</summary>
		[global::System.CodeDom.Compiler.GeneratedCodeAttribute(""Umbraco.ModelsBuilder.Embedded"", ""16.1.1+7e82c25"")]
		[ImplementPropertyType(""umbracoHeight"")]
		public virtual int UmbracoHeight => this.Value<int>(_publishedValueFallback, ""umbracoHeight"");

		///<summary>
		/// Width: in pixels
		///</summary>
		[global::System.CodeDom.Compiler.GeneratedCodeAttribute(""Umbraco.ModelsBuilder.Embedded"", ""16.1.1+7e82c25"")]
		[ImplementPropertyType(""umbracoWidth"")]
		public virtual int UmbracoWidth => this.Value<int>(_publishedValueFallback, ""umbracoWidth"");
	}

	/// <summary>File</summary>
	[PublishedModel(""File"")]
	public partial class File : PublishedContentModel
	{
		// helpers
#pragma warning disable 0109 // new is redundant
		[global::System.CodeDom.Compiler.GeneratedCodeAttribute(""Umbraco.ModelsBuilder.Embedded"", ""16.1.1+7e82c25"")]
		public new const string ModelTypeAlias = ""File"";
		[global::System.CodeDom.Compiler.GeneratedCodeAttribute(""Umbraco.ModelsBuilder.Embedded"", ""16.1.1+7e82c25"")]
		public new const PublishedItemType ModelItemType = PublishedItemType.Media;
		[global::System.CodeDom.Compiler.GeneratedCodeAttribute(""Umbraco.ModelsBuilder.Embedded"", ""16.1.1+7e82c25"")]
		[return: global::System.Diagnostics.CodeAnalysis.MaybeNull]
		public new static IPublishedContentType GetModelContentType(IPublishedContentTypeCache contentTypeCache)
			=> PublishedModelUtility.GetModelContentType(contentTypeCache, ModelItemType, ModelTypeAlias);
		[global::System.CodeDom.Compiler.GeneratedCodeAttribute(""Umbraco.ModelsBuilder.Embedded"", ""16.1.1+7e82c25"")]
		[return: global::System.Diagnostics.CodeAnalysis.MaybeNull]
		public static IPublishedPropertyType GetModelPropertyType<TValue>(IPublishedContentTypeCache contentTypeCache, Expression<Func<File, TValue>> selector)
			=> PublishedModelUtility.GetModelPropertyType(GetModelContentType(contentTypeCache), selector);
#pragma warning restore 0109

		private IPublishedValueFallback _publishedValueFallback;

		// ctor
		public File(IPublishedContent content, IPublishedValueFallback publishedValueFallback)
			: base(content, publishedValueFallback)
		{
			_publishedValueFallback = publishedValueFallback;
		}

		// properties

		///<summary>
		/// Size: in bytes
		///</summary>
		[global::System.CodeDom.Compiler.GeneratedCodeAttribute(""Umbraco.ModelsBuilder.Embedded"", ""16.1.1+7e82c25"")]
		[ImplementPropertyType(""umbracoBytes"")]
		public virtual long UmbracoBytes => this.Value<long>(_publishedValueFallback, ""umbracoBytes"");

		///<summary>
		/// Type
		///</summary>
		[global::System.CodeDom.Compiler.GeneratedCodeAttribute(""Umbraco.ModelsBuilder.Embedded"", ""16.1.1+7e82c25"")]
		[global::System.Diagnostics.CodeAnalysis.MaybeNull]
		[ImplementPropertyType(""umbracoExtension"")]
		public virtual string UmbracoExtension => this.Value<string>(_publishedValueFallback, ""umbracoExtension"");

		///<summary>
		/// File
		///</summary>
		[global::System.CodeDom.Compiler.GeneratedCodeAttribute(""Umbraco.ModelsBuilder.Embedded"", ""16.1.1+7e82c25"")]
		[global::System.Diagnostics.CodeAnalysis.MaybeNull]
		[ImplementPropertyType(""umbracoFile"")]
		public virtual string UmbracoFile => this.Value<string>(_publishedValueFallback, ""umbracoFile"");
	}

	/// <summary>Video</summary>
	[PublishedModel(""umbracoMediaVideo"")]
	public partial class UmbracoMediaVideo : PublishedContentModel
	{
		// helpers
#pragma warning disable 0109 // new is redundant
		[global::System.CodeDom.Compiler.GeneratedCodeAttribute(""Umbraco.ModelsBuilder.Embedded"", ""16.1.1+7e82c25"")]
		public new const string ModelTypeAlias = ""umbracoMediaVideo"";
		[global::System.CodeDom.Compiler.GeneratedCodeAttribute(""Umbraco.ModelsBuilder.Embedded"", ""16.1.1+7e82c25"")]
		public new const PublishedItemType ModelItemType = PublishedItemType.Media;
		[global::System.CodeDom.Compiler.GeneratedCodeAttribute(""Umbraco.ModelsBuilder.Embedded"", ""16.1.1+7e82c25"")]
		[return: global::System.Diagnostics.CodeAnalysis.MaybeNull]
		public new static IPublishedContentType GetModelContentType(IPublishedContentTypeCache contentTypeCache)
			=> PublishedModelUtility.GetModelContentType(contentTypeCache, ModelItemType, ModelTypeAlias);
		[global::System.CodeDom.Compiler.GeneratedCodeAttribute(""Umbraco.ModelsBuilder.Embedded"", ""16.1.1+7e82c25"")]
		[return: global::System.Diagnostics.CodeAnalysis.MaybeNull]
		public static IPublishedPropertyType GetModelPropertyType<TValue>(IPublishedContentTypeCache contentTypeCache, Expression<Func<UmbracoMediaVideo, TValue>> selector)
			=> PublishedModelUtility.GetModelPropertyType(GetModelContentType(contentTypeCache), selector);
#pragma warning restore 0109

		private IPublishedValueFallback _publishedValueFallback;

		// ctor
		public UmbracoMediaVideo(IPublishedContent content, IPublishedValueFallback publishedValueFallback)
			: base(content, publishedValueFallback)
		{
			_publishedValueFallback = publishedValueFallback;
		}

		// properties

		///<summary>
		/// Size: in bytes
		///</summary>
		[global::System.CodeDom.Compiler.GeneratedCodeAttribute(""Umbraco.ModelsBuilder.Embedded"", ""16.1.1+7e82c25"")]
		[ImplementPropertyType(""umbracoBytes"")]
		public virtual long UmbracoBytes => this.Value<long>(_publishedValueFallback, ""umbracoBytes"");

		///<summary>
		/// Type
		///</summary>
		[global::System.CodeDom.Compiler.GeneratedCodeAttribute(""Umbraco.ModelsBuilder.Embedded"", ""16.1.1+7e82c25"")]
		[global::System.Diagnostics.CodeAnalysis.MaybeNull]
		[ImplementPropertyType(""umbracoExtension"")]
		public virtual string UmbracoExtension => this.Value<string>(_publishedValueFallback, ""umbracoExtension"");

		///<summary>
		/// Video
		///</summary>
		[global::System.CodeDom.Compiler.GeneratedCodeAttribute(""Umbraco.ModelsBuilder.Embedded"", ""16.1.1+7e82c25"")]
		[global::System.Diagnostics.CodeAnalysis.MaybeNull]
		[ImplementPropertyType(""umbracoFile"")]
		public virtual string UmbracoFile => this.Value<string>(_publishedValueFallback, ""umbracoFile"");
	}

	/// <summary>Audio</summary>
	[PublishedModel(""umbracoMediaAudio"")]
	public partial class UmbracoMediaAudio : PublishedContentModel
	{
		// helpers
#pragma warning disable 0109 // new is redundant
		[global::System.CodeDom.Compiler.GeneratedCodeAttribute(""Umbraco.ModelsBuilder.Embedded"", ""16.1.1+7e82c25"")]
		public new const string ModelTypeAlias = ""umbracoMediaAudio"";
		[global::System.CodeDom.Compiler.GeneratedCodeAttribute(""Umbraco.ModelsBuilder.Embedded"", ""16.1.1+7e82c25"")]
		public new const PublishedItemType ModelItemType = PublishedItemType.Media;
		[global::System.CodeDom.Compiler.GeneratedCodeAttribute(""Umbraco.ModelsBuilder.Embedded"", ""16.1.1+7e82c25"")]
		[return: global::System.Diagnostics.CodeAnalysis.MaybeNull]
		public new static IPublishedContentType GetModelContentType(IPublishedContentTypeCache contentTypeCache)
			=> PublishedModelUtility.GetModelContentType(contentTypeCache, ModelItemType, ModelTypeAlias);
		[global::System.CodeDom.Compiler.GeneratedCodeAttribute(""Umbraco.ModelsBuilder.Embedded"", ""16.1.1+7e82c25"")]
		[return: global::System.Diagnostics.CodeAnalysis.MaybeNull]
		public static IPublishedPropertyType GetModelPropertyType<TValue>(IPublishedContentTypeCache contentTypeCache, Expression<Func<UmbracoMediaAudio, TValue>> selector)
			=> PublishedModelUtility.GetModelPropertyType(GetModelContentType(contentTypeCache), selector);
#pragma warning restore 0109

		private IPublishedValueFallback _publishedValueFallback;

		// ctor
		public UmbracoMediaAudio(IPublishedContent content, IPublishedValueFallback publishedValueFallback)
			: base(content, publishedValueFallback)
		{
			_publishedValueFallback = publishedValueFallback;
		}

		// properties

		///<summary>
		/// Size: in bytes
		///</summary>
		[global::System.CodeDom.Compiler.GeneratedCodeAttribute(""Umbraco.ModelsBuilder.Embedded"", ""16.1.1+7e82c25"")]
		[ImplementPropertyType(""umbracoBytes"")]
		public virtual long UmbracoBytes => this.Value<long>(_publishedValueFallback, ""umbracoBytes"");

		///<summary>
		/// Type
		///</summary>
		[global::System.CodeDom.Compiler.GeneratedCodeAttribute(""Umbraco.ModelsBuilder.Embedded"", ""16.1.1+7e82c25"")]
		[global::System.Diagnostics.CodeAnalysis.MaybeNull]
		[ImplementPropertyType(""umbracoExtension"")]
		public virtual string UmbracoExtension => this.Value<string>(_publishedValueFallback, ""umbracoExtension"");

		///<summary>
		/// Audio
		///</summary>
		[global::System.CodeDom.Compiler.GeneratedCodeAttribute(""Umbraco.ModelsBuilder.Embedded"", ""16.1.1+7e82c25"")]
		[global::System.Diagnostics.CodeAnalysis.MaybeNull]
		[ImplementPropertyType(""umbracoFile"")]
		public virtual string UmbracoFile => this.Value<string>(_publishedValueFallback, ""umbracoFile"");
	}

	/// <summary>Article</summary>
	[PublishedModel(""umbracoMediaArticle"")]
	public partial class UmbracoMediaArticle : PublishedContentModel
	{
		// helpers
#pragma warning disable 0109 // new is redundant
		[global::System.CodeDom.Compiler.GeneratedCodeAttribute(""Umbraco.ModelsBuilder.Embedded"", ""16.1.1+7e82c25"")]
		public new const string ModelTypeAlias = ""umbracoMediaArticle"";
		[global::System.CodeDom.Compiler.GeneratedCodeAttribute(""Umbraco.ModelsBuilder.Embedded"", ""16.1.1+7e82c25"")]
		public new const PublishedItemType ModelItemType = PublishedItemType.Media;
		[global::System.CodeDom.Compiler.GeneratedCodeAttribute(""Umbraco.ModelsBuilder.Embedded"", ""16.1.1+7e82c25"")]
		[return: global::System.Diagnostics.CodeAnalysis.MaybeNull]
		public new static IPublishedContentType GetModelContentType(IPublishedContentTypeCache contentTypeCache)
			=> PublishedModelUtility.GetModelContentType(contentTypeCache, ModelItemType, ModelTypeAlias);
		[global::System.CodeDom.Compiler.GeneratedCodeAttribute(""Umbraco.ModelsBuilder.Embedded"", ""16.1.1+7e82c25"")]
		[return: global::System.Diagnostics.CodeAnalysis.MaybeNull]
		public static IPublishedPropertyType GetModelPropertyType<TValue>(IPublishedContentTypeCache contentTypeCache, Expression<Func<UmbracoMediaArticle, TValue>> selector)
			=> PublishedModelUtility.GetModelPropertyType(GetModelContentType(contentTypeCache), selector);
#pragma warning restore 0109

		private IPublishedValueFallback _publishedValueFallback;

		// ctor
		public UmbracoMediaArticle(IPublishedContent content, IPublishedValueFallback publishedValueFallback)
			: base(content, publishedValueFallback)
		{
			_publishedValueFallback = publishedValueFallback;
		}

		// properties

		///<summary>
		/// Size: in bytes
		///</summary>
		[global::System.CodeDom.Compiler.GeneratedCodeAttribute(""Umbraco.ModelsBuilder.Embedded"", ""16.1.1+7e82c25"")]
		[ImplementPropertyType(""umbracoBytes"")]
		public virtual long UmbracoBytes => this.Value<long>(_publishedValueFallback, ""umbracoBytes"");

		///<summary>
		/// Type
		///</summary>
		[global::System.CodeDom.Compiler.GeneratedCodeAttribute(""Umbraco.ModelsBuilder.Embedded"", ""16.1.1+7e82c25"")]
		[global::System.Diagnostics.CodeAnalysis.MaybeNull]
		[ImplementPropertyType(""umbracoExtension"")]
		public virtual string UmbracoExtension => this.Value<string>(_publishedValueFallback, ""umbracoExtension"");

		///<summary>
		/// Article
		///</summary>
		[global::System.CodeDom.Compiler.GeneratedCodeAttribute(""Umbraco.ModelsBuilder.Embedded"", ""16.1.1+7e82c25"")]
		[global::System.Diagnostics.CodeAnalysis.MaybeNull]
		[ImplementPropertyType(""umbracoFile"")]
		public virtual string UmbracoFile => this.Value<string>(_publishedValueFallback, ""umbracoFile"");
	}

	/// <summary>Vector Graphics (SVG)</summary>
	[PublishedModel(""umbracoMediaVectorGraphics"")]
	public partial class UmbracoMediaVectorGraphics : PublishedContentModel
	{
		// helpers
#pragma warning disable 0109 // new is redundant
		[global::System.CodeDom.Compiler.GeneratedCodeAttribute(""Umbraco.ModelsBuilder.Embedded"", ""16.1.1+7e82c25"")]
		public new const string ModelTypeAlias = ""umbracoMediaVectorGraphics"";
		[global::System.CodeDom.Compiler.GeneratedCodeAttribute(""Umbraco.ModelsBuilder.Embedded"", ""16.1.1+7e82c25"")]
		public new const PublishedItemType ModelItemType = PublishedItemType.Media;
		[global::System.CodeDom.Compiler.GeneratedCodeAttribute(""Umbraco.ModelsBuilder.Embedded"", ""16.1.1+7e82c25"")]
		[return: global::System.Diagnostics.CodeAnalysis.MaybeNull]
		public new static IPublishedContentType GetModelContentType(IPublishedContentTypeCache contentTypeCache)
			=> PublishedModelUtility.GetModelContentType(contentTypeCache, ModelItemType, ModelTypeAlias);
		[global::System.CodeDom.Compiler.GeneratedCodeAttribute(""Umbraco.ModelsBuilder.Embedded"", ""16.1.1+7e82c25"")]
		[return: global::System.Diagnostics.CodeAnalysis.MaybeNull]
		public static IPublishedPropertyType GetModelPropertyType<TValue>(IPublishedContentTypeCache contentTypeCache, Expression<Func<UmbracoMediaVectorGraphics, TValue>> selector)
			=> PublishedModelUtility.GetModelPropertyType(GetModelContentType(contentTypeCache), selector);
#pragma warning restore 0109

		private IPublishedValueFallback _publishedValueFallback;

		// ctor
		public UmbracoMediaVectorGraphics(IPublishedContent content, IPublishedValueFallback publishedValueFallback)
			: base(content, publishedValueFallback)
		{
			_publishedValueFallback = publishedValueFallback;
		}

		// properties

		///<summary>
		/// Size: in bytes
		///</summary>
		[global::System.CodeDom.Compiler.GeneratedCodeAttribute(""Umbraco.ModelsBuilder.Embedded"", ""16.1.1+7e82c25"")]
		[ImplementPropertyType(""umbracoBytes"")]
		public virtual long UmbracoBytes => this.Value<long>(_publishedValueFallback, ""umbracoBytes"");

		///<summary>
		/// Type
		///</summary>
		[global::System.CodeDom.Compiler.GeneratedCodeAttribute(""Umbraco.ModelsBuilder.Embedded"", ""16.1.1+7e82c25"")]
		[global::System.Diagnostics.CodeAnalysis.MaybeNull]
		[ImplementPropertyType(""umbracoExtension"")]
		public virtual string UmbracoExtension => this.Value<string>(_publishedValueFallback, ""umbracoExtension"");

		///<summary>
		/// Vector Graphics
		///</summary>
		[global::System.CodeDom.Compiler.GeneratedCodeAttribute(""Umbraco.ModelsBuilder.Embedded"", ""16.1.1+7e82c25"")]
		[global::System.Diagnostics.CodeAnalysis.MaybeNull]
		[ImplementPropertyType(""umbracoFile"")]
		public virtual string UmbracoFile => this.Value<string>(_publishedValueFallback, ""umbracoFile"");
	}

	/// <summary>Member</summary>
	[PublishedModel(""Member"")]
	public partial class Member : PublishedContentModel
	{
		// helpers
#pragma warning disable 0109 // new is redundant
		[global::System.CodeDom.Compiler.GeneratedCodeAttribute(""Umbraco.ModelsBuilder.Embedded"", ""16.1.1+7e82c25"")]
		public new const string ModelTypeAlias = ""Member"";
		[global::System.CodeDom.Compiler.GeneratedCodeAttribute(""Umbraco.ModelsBuilder.Embedded"", ""16.1.1+7e82c25"")]
		public new const PublishedItemType ModelItemType = PublishedItemType.Member;
		[global::System.CodeDom.Compiler.GeneratedCodeAttribute(""Umbraco.ModelsBuilder.Embedded"", ""16.1.1+7e82c25"")]
		[return: global::System.Diagnostics.CodeAnalysis.MaybeNull]
		public new static IPublishedContentType GetModelContentType(IPublishedContentTypeCache contentTypeCache)
			=> PublishedModelUtility.GetModelContentType(contentTypeCache, ModelItemType, ModelTypeAlias);
		[global::System.CodeDom.Compiler.GeneratedCodeAttribute(""Umbraco.ModelsBuilder.Embedded"", ""16.1.1+7e82c25"")]
		[return: global::System.Diagnostics.CodeAnalysis.MaybeNull]
		public static IPublishedPropertyType GetModelPropertyType<TValue>(IPublishedContentTypeCache contentTypeCache, Expression<Func<Member, TValue>> selector)
			=> PublishedModelUtility.GetModelPropertyType(GetModelContentType(contentTypeCache), selector);
#pragma warning restore 0109

		private IPublishedValueFallback _publishedValueFallback;

		// ctor
		public Member(IPublishedContent content, IPublishedValueFallback publishedValueFallback)
			: base(content, publishedValueFallback)
		{
			_publishedValueFallback = publishedValueFallback;
		}

		// properties

		///<summary>
		/// Comments
		///</summary>
		[global::System.CodeDom.Compiler.GeneratedCodeAttribute(""Umbraco.ModelsBuilder.Embedded"", ""16.1.1+7e82c25"")]
		[global::System.Diagnostics.CodeAnalysis.MaybeNull]
		[ImplementPropertyType(""umbracoMemberComments"")]
		public virtual string UmbracoMemberComments => this.Value<string>(_publishedValueFallback, ""umbracoMemberComments"");
	}

}
"
"Partials","C:\Users\Amjad\source\repos\DentalClinic\DentalClinic.Cms\Views\Partials\blockgrid\area.cshtml","area.cshtml",".cshtml","@using Umbraco.Extensions
@inherits Umbraco.Cms.Web.Common.Views.UmbracoViewPage<Umbraco.Cms.Core.Models.Blocks.BlockGridArea>

<div class=""umb-block-grid__area""
     data-area-col-span=""@Model.ColumnSpan""
     data-area-row-span=""@Model.RowSpan""
     data-area-alias=""@Model.Alias""
     style=""--umb-block-grid--grid-columns: @Model.ColumnSpan;--umb-block-grid--area-column-span: @Model.ColumnSpan; --umb-block-grid--area-row-span: @Model.RowSpan;"">
    @await Html.GetBlockGridItemsHtmlAsync(Model)
</div>
"
"Partials","C:\Users\Amjad\source\repos\DentalClinic\DentalClinic.Cms\Views\Partials\blockgrid\areas.cshtml","areas.cshtml",".cshtml","@using Umbraco.Extensions
@inherits Umbraco.Cms.Web.Common.Views.UmbracoViewPage<Umbraco.Cms.Core.Models.Blocks.BlockGridItem>
@{
    if (Model?.Areas.Any() != true) { return; }
}

<div class=""umb-block-grid__area-container""
     style=""--umb-block-grid--area-grid-columns: @(Model.AreaGridColumns?.ToString() ?? Model.GridColumns?.ToString() ?? ""12"");"">
    @foreach (var area in Model.Areas)
    {
        @await Html.GetBlockGridItemAreaHtmlAsync(area)
    }
</div>
"
"Partials","C:\Users\Amjad\source\repos\DentalClinic\DentalClinic.Cms\Views\Partials\blockgrid\default.cshtml","default.cshtml",".cshtml","@using Umbraco.Extensions
@inherits Umbraco.Cms.Web.Common.Views.UmbracoViewPage<Umbraco.Cms.Core.Models.Blocks.BlockGridModel>
@{
    if (Model?.Any() != true) { return; }
}

<div class=""umb-block-grid""
     data-grid-columns=""@(Model.GridColumns?.ToString() ?? ""12"");""
     style=""--umb-block-grid--grid-columns: @(Model.GridColumns?.ToString() ?? ""12"");"">
    @await Html.GetBlockGridItemsHtmlAsync(Model)
</div>
"
"Partials","C:\Users\Amjad\source\repos\DentalClinic\DentalClinic.Cms\Views\Partials\blockgrid\items.cshtml","items.cshtml",".cshtml","@using Umbraco.Cms.Core.Models.Blocks
@inherits Umbraco.Cms.Web.Common.Views.UmbracoViewPage<IEnumerable<BlockGridItem>>
@{
    if (Model?.Any() != true) { return; }
}

<div class=""umb-block-grid__layout-container"">
    @foreach (var item in Model)
    {

        <div
            class=""umb-block-grid__layout-item""
            data-content-element-type-alias=""@item.Content.ContentType.Alias""
            data-content-element-type-key=""@item.Content.ContentType.Key""
            data-element-key=""@item.ContentKey""
            data-col-span=""@item.ColumnSpan""
            data-row-span=""@item.RowSpan""
            style="" --umb-block-grid--item-column-span: @item.ColumnSpan; --umb-block-grid--item-row-span: @item.RowSpan; "">
            @{
                var partialViewName = ""blockgrid/Components/"" + item.Content.ContentType.Alias;
                try
                {
                    @await Html.PartialAsync(partialViewName, item)
                }
                catch (InvalidOperationException)
                {
                    <p>
                        <strong>Could not render component of type: @(item.Content.ContentType.Alias)</strong>
                        <br/>
                        This likely happened because the partial view <em>@partialViewName</em> could not be found.
                    </p>
                }
            }
        </div>
    }
</div>
"
"Partials","C:\Users\Amjad\source\repos\DentalClinic\DentalClinic.Cms\Views\Partials\blocklist\default.cshtml","default.cshtml",".cshtml","@inherits Umbraco.Cms.Web.Common.Views.UmbracoViewPage<Umbraco.Cms.Core.Models.Blocks.BlockListModel>
@{
    if (Model?.Any() != true) { return; }
}
<div class=""umb-block-list"">
    @foreach (var block in Model)
    {
        if (block?.ContentUdi == null) { continue; }
        var data = block.Content;

        @await Html.PartialAsync(""blocklist/Components/"" + data.ContentType.Alias, block)
    }
</div>
"
"Views","C:\Users\Amjad\source\repos\DentalClinic\DentalClinic.Cms\Views\Partials\_FlashMessages.cshtml","_FlashMessages.cshtml",".cshtml","@inherits Microsoft.AspNetCore.Mvc.Razor.RazorPage<dynamic>

<div class=""flash-messages"">
    @* أخطاء عامة *@
    @if (TempData[""errors""] != null)
    {
        <div class=""alert alert-error"">
            @TempData[""errors""]
        </div>
    }

    @* رسائل نجاح/معلومات عامة *@
    @if (TempData[""message""] != null)
    {
        <div class=""alert alert-success"">
            @TempData[""message""]
        </div>
    }

    @* رسالة لوحة تحكم الطبيب *@
    @if (TempData[""dashboardMessage""] != null)
    {
        <div class=""alert alert-info"">
            @TempData[""dashboardMessage""]
        </div>
    }

    @* رسائل صفحة الدفع *@
    @if (TempData[""PaymentError""] != null)
    {
        <div class=""alert alert-error"">
            @TempData[""PaymentError""]
        </div>
    }

    @if (TempData[""PaymentSuccess""] != null)
    {
        <div class=""alert alert-success"">
            @TempData[""PaymentSuccess""]
        </div>
    }
</div>
"
"Views","C:\Users\Amjad\source\repos\DentalClinic\DentalClinic.Cms\Views\Partials\_FlashMessages.cshtml.cs","_FlashMessages.cshtml.cs",".cs","using Microsoft.AspNetCore.Mvc;
using Microsoft.AspNetCore.Mvc.RazorPages;

namespace DentalClinic.Cms.Views.Partials
{
    public class _FlashMessagesModel : PageModel
    {
        public void OnGet()
        {
        }
    }
}
"
"DentalClinic.Cms","C:\Users\Amjad\source\repos\DentalClinic\DentalClinic.Cms\Views\BookingPage.cshtml","BookingPage.cshtml",".cshtml","@inherits Umbraco.Cms.Web.Common.Views.UmbracoViewPage<DentalClinic.Cms.Models.BookingViewModel>
@using DentalClinic.Cms.Controllers

@{
    Layout = ""master.cshtml"";
}

<h1>Book an Appointment</h1>
@await Html.PartialAsync(""Partials/_FlashMessages"")

@* عرض الأخطاء *@
@* @if (TempData[""errors""] != null)
{
    <p style=""color:red"">@TempData[""errors""]</p>
} *@

@* رسائل عامة (نجاح مثلاً) *@
@* @if (TempData[""message""] != null)
{
    <p style=""color:green"">@TempData[""message""]</p>
} *@

@using (Html.BeginUmbracoForm<BookingController>(""SubmitBooking""))
{
    <label>Full Name</label><br />
    <input type=""text"" name=""FullName"" /><br /><br />

    <label>Dentist</label><br />
    <select name=""DentistId"">
        <option value="""">-- Select a Dentist --</option>

        @if (Model?.Dentists != null)
        {
            foreach (var d in Model.Dentists)
            {
                <option value=""@d.Id"">@d.FullName</option>
            }
        }
    </select>
    <br /><br />

    <label>Date</label><br />
    <input type=""date"" name=""Date"" /><br /><br />

    <label>Time</label><br />
    <input type=""time"" name=""Time"" /><br /><br />

    <button type=""submit"">Book Appointment</button>
}
"
"DentalClinic.Cms","C:\Users\Amjad\source\repos\DentalClinic\DentalClinic.Cms\Views\DentistDashboardPage.cshtml","DentistDashboardPage.cshtml",".cshtml","@using DentalClinic.Cms.Models
@using DentalClinic.Cms.Services
@using DentalClinic.Cms.Controllers
@using Microsoft.AspNetCore.Http
@inherits Umbraco.Cms.Web.Common.Views.UmbracoViewPage

@inject IAppointmentApiClient Appointments
@inject IHttpContextAccessor HttpContextAccessor

@{
    Layout = ""master.cshtml"";

    var http = HttpContextAccessor.HttpContext!;
    var token = http.Session.GetString(""jwt"");
    var role = http.Session.GetString(""CurrentUserRole"");

    var pageTitle = Model.Value<string>(""pageTitle"") ?? ""Dentist Admin Panel"";
    var introText = Model.Value<string>(""introText"");

    List<AppointmentResult> appointments = new();

    // ✅ فقط لو المستخدم Dentist نقرأ المواعيد من الـ API
    if (!string.IsNullOrEmpty(token) &&
        string.Equals(role, ""Dentist"", StringComparison.OrdinalIgnoreCase))
    {
        Appointments.SetAuthToken(token);

        appointments = await Appointments.GetAdminAppointmentsAsync()
                       ?? new List<AppointmentResult>();
    }

    // 🔹 فلترة المواعيد: نعرض فقط Requested + Confirmed وبشكل مرتب
    var activeAppointments = (appointments ?? new List<AppointmentResult>())
        .Where(a => a.Status == ""Requested"" || a.Status == ""Confirmed"")
        .OrderBy(a => a.Slot?.Date)
        .ThenBy(a => a.Slot?.Time)
        .ToList();
}

<h1>@pageTitle</h1>
@await Html.PartialAsync(""Partials/_FlashMessages"")

@* @if (!string.IsNullOrWhiteSpace(introText))
{
    <div>
        @Html.Raw(introText)
    </div>
} *@

@* @if (TempData[""dashboardMessage""] != null)
{
    <p>@TempData[""dashboardMessage""]</p>
} *@

@if (string.IsNullOrEmpty(HttpContextAccessor.HttpContext!.Session.GetString(""jwt"")))
{
    <p>You must be logged in to see the appointments.</p>
    <p><a href=""/login"">Go to login</a></p>
}
else if (!string.Equals(HttpContextAccessor.HttpContext!.Session.GetString(""CurrentUserRole""), ""Dentist"", StringComparison.OrdinalIgnoreCase))
{
    <p>You are not allowed to access this page.</p>
}
else if (activeAppointments == null || !activeAppointments.Any())
{
    <p>No active appointments found.</p>
}
else
{
    <table border=""1"" cellpadding=""5"">
        <thead>
            <tr>
                <th>Date</th>
                <th>Time</th>
                <th>Patient / Dentist</th>
                <th>Status</th>
                <th>Actions</th>
            </tr>
        </thead>
        <tbody>
        @foreach (var a in activeAppointments)
        {
            <tr>
                <td>@a.Slot?.Date</td>
                <td>@a.Slot?.Time</td>
                <td>@a.DentistName</td> @* لاحقاً ممكن تستخدم اسم المريض لو أضفته *@
                <td>@a.Status</td>
                <td>
                    @* Confirm فقط لو Requested *@
                    @if (a.Status == ""Requested"")
                    {
                        @using (Html.BeginUmbracoForm<DentistDashboardController>(""Confirm""))
                        {
                            @Html.Hidden(""appointmentId"", a.Id)
                            <button type=""submit"" style=""display:inline;"">Confirm</button>
                        }
                    }

                    @* Cancel ما عدا لو بالفعل Cancelled أو Completed *@
                    @if (a.Status != ""Cancelled"" && a.Status != ""Completed"")
                    {
                        @using (Html.BeginUmbracoForm<DentistDashboardController>(""Cancel""))
                        {
                            @Html.Hidden(""appointmentId"", a.Id)
                            <button type=""submit"" style=""display:inline; margin-left:4px;"">Cancel</button>
                        }
                    }
                </td>
            </tr>
        }
        </tbody>
    </table>
}
"
"DentalClinic.Cms","C:\Users\Amjad\source\repos\DentalClinic\DentalClinic.Cms\Views\HomePage.cshtml","HomePage.cshtml",".cshtml","@inherits Umbraco.Cms.Web.Common.Views.UmbracoViewPage
@{
    Layout = ""master.cshtml"";
}

<h1>@Model.Name</h1>

<p>Welcome to the dental clinic demo site.</p>

<p>
    <a href=""/booking"">Book an appointment</a>
</p>
"
"DentalClinic.Cms","C:\Users\Amjad\source\repos\DentalClinic\DentalClinic.Cms\Views\LoginPage.cshtml","LoginPage.cshtml",".cshtml","@using DentalClinic.Cms.Models
@using DentalClinic.Cms.Controllers
@inherits Umbraco.Cms.Web.Common.Views.UmbracoViewPage

@{
    Layout = ""master.cshtml"";
}

<h2>Login</h2>
@await Html.PartialAsync(""Partials/_FlashMessages"")

@* @if (TempData[""errors""] != null)
{
    <p style=""color:red"">@TempData[""errors""]</p>
}

@if (TempData[""message""] != null)
{
    <p style=""color:green"">@TempData[""message""]</p>
} *@

@using (Html.BeginUmbracoForm<LoginController>(""SubmitLogin"", FormMethod.Post))
{
    <label>Email</label><br />
    <input type=""email"" name=""Email"" required /><br /><br />

    <label>Password</label><br />
    <input type=""password"" name=""Password"" required /><br /><br />

    <button type=""submit"">Login</button>
}
"
"DentalClinic.Cms","C:\Users\Amjad\source\repos\DentalClinic\DentalClinic.Cms\Views\master.cshtml","master.cshtml",".cshtml","@inherits Umbraco.Cms.Web.Common.Views.UmbracoViewPage<object>
@using Umbraco.Cms.Core.Models.PublishedContent
@using System.Linq
@using Microsoft.AspNetCore.Http
@using DentalClinic.Cms.Controllers
@inject IHttpContextAccessor HttpContextAccessor

@{
    Layout = null;

    // نجيب الـ root من Umbraco (Home)
    var root = Umbraco?.ContentAtRoot()?.FirstOrDefault();
    var siteName = root?.Name ?? ""Dental Clinic"";

    // 👈 نحدد عنوان الصفحة حسب نوع الـ Model
    string pageTitle;
    if (Model is IPublishedContent content)
    {
        pageTitle = content.Name ?? ""Page"";
    }
    else
    {
        pageTitle = Model?.GetType().Name ?? ""Page"";
    }

    var http = HttpContextAccessor.HttpContext;
    var isLoggedIn = !string.IsNullOrEmpty(http?.Session.GetString(""jwt""));
    var currentRole = http?.Session.GetString(""CurrentUserRole"") ?? ""Patient"";
    var currentEmail = http?.Session.GetString(""CurrentUserEmail"") ?? """";
}

<!DOCTYPE html>
<html lang=""en"">
<head>
    <meta charset=""utf-8"" />
    <title>@pageTitle - @siteName</title>
    <link rel=""stylesheet"" href=""/css/site.css"" />
</head>
<body>
    <header>
        <nav>
            @* رابط الـ Home *@
            @if (root != null)
            {
                <a href=""@root.Url()"">Home</a>

                // 👤 نحدد مرة واحدة خارج اللوب
                var isDentist = string.Equals(currentRole, ""Dentist"", StringComparison.OrdinalIgnoreCase);

                foreach (var child in root.Children)
                {
                    var alias = child.ContentType.Alias;

                    // ✅ Booking و MyAppointments فقط لغير الـ Dentist (المريض)
                    if (!isDentist && alias == ""bookingPage"")
                    {
                        <a href=""@child.Url()"">Booking</a>
                    }

                    if (!isDentist && alias == ""myAppointmentsPage"" && isLoggedIn)
                    {
                        <a href=""@child.Url()"">My appointments</a>
                    }

                    // ✅ Dentist Dashboard فقط لو الدور Dentist
                    if (isDentist && alias == ""dentistDashboardPage"" && isLoggedIn)
                    {
                        <a href=""@child.Url()"">Dentist dashboard</a>
                    }

                    // ✅ Login / Register فقط لو المستخدم غير مسجّل
                    if (!isLoggedIn && alias == ""loginPage"")
                    {
                        <a href=""@child.Url()"">Login</a>
                    }

                    if (!isLoggedIn && alias == ""registerPage"")
                    {
                        <a href=""@child.Url()"">Register</a>
                    }
                }
            }

            @* زر Logout عام يظهر فقط لو المستخدم مسجّل دخول *@
            @if (isLoggedIn)
            {
                @using (Html.BeginUmbracoForm<LoginController>(""Logout"", FormMethod.Post, new { @class = ""logout-form"" }))
                {
                    <button type=""submit"">
                        Logout@(string.IsNullOrEmpty(currentEmail) ? """" : $"" ({currentEmail})"")
                    </button>
                }
            }
        </nav>
    </header>

    <main>
        @RenderBody()
    </main>

    <footer>
        <p>© @DateTime.Now.Year - @siteName</p>
    </footer>
</body>
</html>
"
"DentalClinic.Cms","C:\Users\Amjad\source\repos\DentalClinic\DentalClinic.Cms\Views\MyAppointmentsPage.cshtml","MyAppointmentsPage.cshtml",".cshtml","@using DentalClinic.Cms.Services
@using DentalClinic.Cms.Models
@using DentalClinic.Cms.Controllers
@using Microsoft.AspNetCore.Http
@inherits Umbraco.Cms.Web.Common.Views.UmbracoViewPage

@inject IAppointmentApiClient Appointments
@inject IHttpContextAccessor HttpContextAccessor

@{
    // نستخدم الـ layout العام
    Layout = ""master.cshtml"";

    // نقرأ الـ JWT من الـ Session
    var token = HttpContextAccessor.HttpContext?.Session.GetString(""jwt"");

    var appointments = new List<AppointmentResult>();

    if (!string.IsNullOrEmpty(token))
    {
        // نضبط التوكن في الـ HttpClient
        Appointments.SetAuthToken(token);

        // نجيب المواعيد من الـ Gateway (خاصة بالمريض الحالي)
        appointments = await Appointments.GetMyAppointmentsAsync() ?? new List<AppointmentResult>();
    }
}

<h1>My Appointments</h1>

@await Html.PartialAsync(""Partials/_FlashMessages"")


@* @if (TempData[""message""] != null)
{
    <p style=""color: green"">@TempData[""message""]</p>
}
 *@
@if (string.IsNullOrEmpty(token))
{
    <p>You must be logged in to see your appointments.</p>
    <p><a href=""/login"">Go to login</a></p>
}
else if (appointments == null || !appointments.Any())
{
    <p>You have no appointments.</p>
}
else
{
    <table border=""1"" cellpadding=""5"">
        <thead>
            <tr>
                <th>Date</th>
                <th>Time</th>
                <th>Dentist</th>
                <th>Status</th>
                <th>Action</th>
            </tr>
        </thead>
        <tbody>
        @foreach (var a in appointments)
        {
            <tr>
                <td>@a.Slot?.Date</td>
                <td>@a.Slot?.Time</td>
                <td>@(string.IsNullOrEmpty(a.DentistName) ? a.DentistId : a.DentistName)</td>
                <td>@a.Status</td>
                <td>
                    @if (a.Status != ""Cancelled"" && a.Status != ""Completed"")
                    {
                        @using (Html.BeginUmbracoForm<MyAppointmentsController>(""Cancel""))
                        {
                            @Html.Hidden(""appointmentId"", a.Id)
                            <button type=""submit"">Cancel</button>
                        }
                    }
                </td>
            </tr>
        }
        </tbody>
    </table>
}
"
"DentalClinic.Cms","C:\Users\Amjad\source\repos\DentalClinic\DentalClinic.Cms\Views\PaymentPage.cshtml","PaymentPage.cshtml",".cshtml","@using DentalClinic.Cms.Controllers
@inherits Umbraco.Cms.Web.Common.Views.UmbracoViewPage

@{
    Layout = ""master.cshtml"";

    var bookingId = Context.Request.Query[""bookingId""].ToString();
    var amount = Context.Request.Query[""amount""].ToString();
}

@* @if (TempData[""PaymentSuccess""] != null)
{
    <p style=""color: green"">@TempData[""PaymentSuccess""]</p>
}

@if (TempData[""PaymentError""] != null)
{
    <p style=""color: red"">@TempData[""PaymentError""]</p>
} *@

<h2>Payment</h2>
@await Html.PartialAsync(""Partials/_FlashMessages"")


@using (Html.BeginUmbracoForm<PaymentSurfaceController>(""Submit""))
{
    <input type=""hidden"" name=""BookingId"" value=""@bookingId"" />
    <input type=""hidden"" name=""Amount"" value=""@amount"" />

    <label>Payment Method</label><br />
    <select name=""PaymentMethod"">
        <option value=""Card"">Card (Demo)</option>
        <option value=""MobilePay"">MobilePay (Demo)</option>
    </select>
    <br /><br />

    <label>Card Holder Name</label><br />
    <input type=""text"" name=""CardHolderName"" />
    <br /><br />

    <label>Card Last 4 Digits</label><br />
    <input type=""text"" name=""CardLast4"" maxlength=""4"" minlength=""4"" />
    <br /><br />

    <button type=""submit"">Pay</button>
}
"
"DentalClinic.Cms","C:\Users\Amjad\source\repos\DentalClinic\DentalClinic.Cms\Views\RegisterPage.cshtml","RegisterPage.cshtml",".cshtml","@using DentalClinic.Cms.Controllers
@inherits Umbraco.Cms.Web.Common.Views.UmbracoViewPage

@{
    Layout = ""master.cshtml"";
}

<h1>@Model.Value(""registerPageTitle"")</h1>

@await Html.PartialAsync(""Partials/_FlashMessages"")

@* أخطاء Validation وغيرها *@
@* @if (TempData[""errors""] != null)
{
    <div style=""color:red; margin-bottom:10px;"">
        @TempData[""errors""]
    </div>
} *@

@* رسائل النجاح *@
@* @if (TempData[""message""] != null)
{
    <div style=""color:green; margin-bottom:10px;"">
        @TempData[""message""]
    </div>
} *@

@using (Html.BeginUmbracoForm<RegisterController>(""SubmitRegister""))
{
    <label>Full Name</label><br />
    <input type=""text"" name=""FullName"" /><br /><br />

    <label>Email</label><br />
    <input type=""email"" name=""Email"" /><br /><br />

    <label>Password</label><br />
    <input type=""password"" name=""Password"" /><br /><br />

    <button type=""submit"">Register</button>
}
"
"DentalClinic.Cms","C:\Users\Amjad\source\repos\DentalClinic\DentalClinic.Cms\Views\_ViewImports.cshtml","_ViewImports.cshtml",".cshtml","@using Umbraco.Extensions
@using Umbraco.Cms.Web.Common.PublishedModels
@using Umbraco.Cms.Web.Common.Views
@using Umbraco.Cms.Core.Models.PublishedContent
@using Microsoft.AspNetCore.Html
@using DentalClinic.Cms.Models

@addTagHelper *, Microsoft.AspNetCore.Mvc.TagHelpers"
"DentalClinic.Cms","C:\Users\Amjad\source\repos\DentalClinic\DentalClinic.Cms\appsettings.Development.json","appsettings.Development.json",".json","{
  ""$schema"": ""appsettings-schema.json"",
  ""Serilog"": {
    ""MinimumLevel"": {
      ""Default"": ""Information""
    },
    ""WriteTo"": [
      {
        ""Name"": ""Async"",
        ""Args"": {
          ""configure"": [
            {
              ""Name"": ""Console""
            }
          ]
        }
      }
    ]
  },
  ""Umbraco"": {
    ""CMS"": {
      ""Content"": {
        ""MacroErrors"": ""Throw""
      },
      ""Hosting"": {
        ""Debug"": true
      }
    }
  }
}
"
"DentalClinic.Cms","C:\Users\Amjad\source\repos\DentalClinic\DentalClinic.Cms\appsettings.json","appsettings.json",".json","{
  ""$schema"": ""appsettings-schema.json"",
  ""Serilog"": {
    ""MinimumLevel"": {
      ""Default"": ""Information"",
      ""Override"": {
        ""Microsoft"": ""Warning"",
        ""Microsoft.Hosting.Lifetime"": ""Information"",
        ""System"": ""Warning""
      }
    }
  },
  ""Umbraco"": {
    ""CMS"": {
      ""Global"": {
        ""Id"": ""6338a3ff-6916-45e4-b715-94d7877df858"",
        ""SanitizeTinyMce"": true
      },
      ""Content"": {
        ""AllowEditInvariantFromNonDefault"": true,
        ""ContentVersionCleanupPolicy"": {
          ""EnableCleanup"": true
        }
      },
      ""Unattended"": {
        ""UpgradeUnattended"": true
      },
      ""Security"": {
        ""AllowConcurrentLogins"": false
      }
    }
  },
  ""ConnectionStrings"": {
    ""umbracoDbDSN"": ""Data Source=|DataDirectory|/Umbraco.sqlite.db;Cache=Shared;Foreign Keys=True;Pooling=True"",
    ""umbracoDbDSN_ProviderName"": ""Microsoft.Data.Sqlite""
  }
}"
"DentalClinic.Cms","C:\Users\Amjad\source\repos\DentalClinic\DentalClinic.Cms\DentalClinic.Cms.csproj","DentalClinic.Cms.csproj",".csproj","<Project Sdk=""Microsoft.NET.Sdk.Web"">
  <PropertyGroup>
    <TargetFramework>net9.0</TargetFramework>
    <ImplicitUsings>enable</ImplicitUsings>
    <Nullable>enable</Nullable>
    <CompressionEnabled>false</CompressionEnabled> <!-- Disable compression. E.g. for umbraco backoffice files. These files should be precompressed by node and not let dotnet handle it -->
  </PropertyGroup>

  <ItemGroup>
    <PackageReference Include=""Umbraco.Cms"" Version=""16.1.1"" />
  </ItemGroup>

  <ItemGroup>
    <!-- Opt-in to app-local ICU to ensure consistent globalization APIs across different platforms -->
    <PackageReference Include=""Microsoft.ICU.ICU4C.Runtime"" Version=""72.1.0.3"" />
    <RuntimeHostConfigurationOption Include=""System.Globalization.AppLocalIcu"" Value=""72.1.0.3"" Condition=""$(RuntimeIdentifier.StartsWith('linux')) or $(RuntimeIdentifier.StartsWith('win')) or ('$(RuntimeIdentifier)' == '' and !$([MSBuild]::IsOSPlatform('osx')))"" />
  </ItemGroup>

  <PropertyGroup>
    <!-- Razor files are needed for the backoffice to work correctly -->
    <CopyRazorGenerateFilesToPublishDirectory>true</CopyRazorGenerateFilesToPublishDirectory>
  </PropertyGroup>

  <PropertyGroup>
    <!-- Remove RazorCompileOnBuild and RazorCompileOnPublish when not using ModelsMode InMemoryAuto -->
    <RazorCompileOnBuild>false</RazorCompileOnBuild>
    <RazorCompileOnPublish>false</RazorCompileOnPublish>
  </PropertyGroup>

</Project>
"
"DentalClinic.Cms","C:\Users\Amjad\source\repos\DentalClinic\DentalClinic.Cms\Program.cs","Program.cs",".cs","using DentalClinic.Cms.Services;

WebApplicationBuilder builder = WebApplication.CreateBuilder(args);

builder.Services.AddHttpClient<IAppointmentApiClient, AppointmentApiClient>(client =>
{
    client.BaseAddress = new Uri(""https://localhost:7168"");
});

builder.Services.AddHttpClient<IAuthApiClient, AuthApiClient>(client =>
{
    client.BaseAddress = new Uri(""https://localhost:7168""); // Gateway URL
});

builder.Services.AddHttpClient<IUserRegistrationApiClient, UserRegistrationApiClient>(client =>
{
    client.BaseAddress = new Uri(""https://localhost:7168""); // Gateway URL
});

builder.Services.AddHttpClient<IDentistApiClient, DentistApiClient>(client =>
{
    client.BaseAddress = new Uri(""https://localhost:7168""); // Gateway URL
});

builder.Services.AddHttpClient(""Gateway"", client =>
{
    client.BaseAddress = new Uri(""https://localhost:7168""); // عدّل القيمة حسب URL الـ API Gateway
});

builder.Services.AddHttpClient(""PaymentService"", client =>
{
    client.BaseAddress = new Uri(""http://localhost:5012"");
});




builder.Services.AddHttpContextAccessor();

builder.Services.AddSession(options =>
{
    options.IdleTimeout = TimeSpan.FromMinutes(60);
    options.Cookie.HttpOnly = true;
    options.Cookie.IsEssential = true;
});

builder.CreateUmbracoBuilder()
    .AddBackOffice()
    .AddWebsite()
    .AddComposers()
    .Build();

WebApplication app = builder.Build();

await app.BootUmbracoAsync();

// 🟢 جلسة قبل Umbraco
app.UseSession();

app.UseUmbraco()
    .WithMiddleware(u =>
    {
        u.UseBackOffice();
        u.UseWebsite();
    })
    .WithEndpoints(u =>
    {
        u.UseBackOfficeEndpoints();
        u.UseWebsiteEndpoints();
    });

await app.RunAsync();
"
"Debug","C:\Users\Amjad\source\repos\DentalClinic\DentalClinic.ServiceDefaults\obj\Debug\net10.0\.NETCoreApp,Version=v10.0.AssemblyAttributes.cs",".NETCoreApp,Version=v10.0.AssemblyAttributes.cs",".cs","// <autogenerated />
using System;
using System.Reflection;
[assembly: global::System.Runtime.Versioning.TargetFrameworkAttribute("".NETCoreApp,Version=v10.0"", FrameworkDisplayName = "".NET 10.0"")]
"
"Debug","C:\Users\Amjad\source\repos\DentalClinic\DentalClinic.ServiceDefaults\obj\Debug\net10.0\DentalClinic.ServiceDefaults.AssemblyInfo.cs","DentalClinic.ServiceDefaults.AssemblyInfo.cs",".cs","//------------------------------------------------------------------------------
// <auto-generated>
//     This code was generated by a tool.
//     Runtime Version:4.0.30319.42000
//
//     Changes to this file may cause incorrect behavior and will be lost if
//     the code is regenerated.
// </auto-generated>
//------------------------------------------------------------------------------

using System;
using System.Reflection;

[assembly: System.Reflection.AssemblyCompanyAttribute(""DentalClinic.ServiceDefaults"")]
[assembly: System.Reflection.AssemblyConfigurationAttribute(""Debug"")]
[assembly: System.Reflection.AssemblyFileVersionAttribute(""1.0.0.0"")]
[assembly: System.Reflection.AssemblyInformationalVersionAttribute(""1.0.0"")]
[assembly: System.Reflection.AssemblyProductAttribute(""DentalClinic.ServiceDefaults"")]
[assembly: System.Reflection.AssemblyTitleAttribute(""DentalClinic.ServiceDefaults"")]
[assembly: System.Reflection.AssemblyVersionAttribute(""1.0.0.0"")]

// Generated by the MSBuild WriteCodeFragment class.

"
"Debug","C:\Users\Amjad\source\repos\DentalClinic\DentalClinic.ServiceDefaults\obj\Debug\net10.0\DentalClinic.ServiceDefaults.GlobalUsings.g.cs","DentalClinic.ServiceDefaults.GlobalUsings.g.cs",".cs","// <auto-generated/>
global using System;
global using System.Collections.Generic;
global using System.IO;
global using System.Linq;
global using System.Net.Http;
global using System.Threading;
global using System.Threading.Tasks;
"
"DentalClinic","C:\Users\Amjad\source\repos\DentalClinic\DentalClinic.ServiceDefaults\DentalClinic.ServiceDefaults.csproj","DentalClinic.ServiceDefaults.csproj",".csproj","<Project Sdk=""Microsoft.NET.Sdk"">

  <PropertyGroup>
    <TargetFramework>net10.0</TargetFramework>
    <ImplicitUsings>enable</ImplicitUsings>
    <Nullable>enable</Nullable>
    <IsAspireSharedProject>true</IsAspireSharedProject>
  </PropertyGroup>

  <ItemGroup>
    <FrameworkReference Include=""Microsoft.AspNetCore.App"" />

    <PackageReference Include=""Microsoft.Extensions.Http.Resilience"" Version=""10.0.0"" />
    <PackageReference Include=""Microsoft.Extensions.ServiceDiscovery"" Version=""10.0.0"" />
    <PackageReference Include=""OpenTelemetry.Exporter.OpenTelemetryProtocol"" Version=""1.14.0"" />
    <PackageReference Include=""OpenTelemetry.Extensions.Hosting"" Version=""1.14.0"" />
    <PackageReference Include=""OpenTelemetry.Instrumentation.AspNetCore"" Version=""1.13.0"" />
    <PackageReference Include=""OpenTelemetry.Instrumentation.Http"" Version=""1.13.0"" />
    <PackageReference Include=""OpenTelemetry.Instrumentation.Runtime"" Version=""1.13.0"" />
  </ItemGroup>

</Project>
"
"DentalClinic","C:\Users\Amjad\source\repos\DentalClinic\DentalClinic.ServiceDefaults\Extensions.cs","Extensions.cs",".cs","using Microsoft.AspNetCore.Builder;
using Microsoft.AspNetCore.Diagnostics.HealthChecks;
using Microsoft.Extensions.DependencyInjection;
using Microsoft.Extensions.Diagnostics.HealthChecks;
using Microsoft.Extensions.Logging;
using Microsoft.Extensions.ServiceDiscovery;
using OpenTelemetry;
using OpenTelemetry.Metrics;
using OpenTelemetry.Trace;

namespace Microsoft.Extensions.Hosting;

// Adds common Aspire services: service discovery, resilience, health checks, and OpenTelemetry.
// This project should be referenced by each service project in your solution.
// To learn more about using this project, see https://aka.ms/dotnet/aspire/service-defaults
public static class Extensions
{
    private const string HealthEndpointPath = ""/health"";
    private const string AlivenessEndpointPath = ""/alive"";

    public static TBuilder AddServiceDefaults<TBuilder>(this TBuilder builder) where TBuilder : IHostApplicationBuilder
    {
        builder.ConfigureOpenTelemetry();

        builder.AddDefaultHealthChecks();

        builder.Services.AddServiceDiscovery();

        builder.Services.ConfigureHttpClientDefaults(http =>
        {
            // Turn on resilience by default
           // http.AddStandardResilienceHandler();

            // Turn on service discovery by default
            http.AddServiceDiscovery();
        });

        // Uncomment the following to restrict the allowed schemes for service discovery.
        // builder.Services.Configure<ServiceDiscoveryOptions>(options =>
        // {
        //     options.AllowedSchemes = [""https""];
        // });

        return builder;
    }

    public static TBuilder ConfigureOpenTelemetry<TBuilder>(this TBuilder builder) where TBuilder : IHostApplicationBuilder
    {
        builder.Logging.AddOpenTelemetry(logging =>
        {
            logging.IncludeFormattedMessage = true;
            logging.IncludeScopes = true;
        });

        builder.Services.AddOpenTelemetry()
            .WithMetrics(metrics =>
            {
                metrics.AddAspNetCoreInstrumentation()
                    .AddHttpClientInstrumentation()
                    .AddRuntimeInstrumentation();
            })
            .WithTracing(tracing =>
            {
                tracing.AddSource(builder.Environment.ApplicationName)
                    .AddAspNetCoreInstrumentation(tracing =>
                        // Exclude health check requests from tracing
                        tracing.Filter = context =>
                            !context.Request.Path.StartsWithSegments(HealthEndpointPath)
                            && !context.Request.Path.StartsWithSegments(AlivenessEndpointPath)
                    )
                    // Uncomment the following line to enable gRPC instrumentation (requires the OpenTelemetry.Instrumentation.GrpcNetClient package)
                    //.AddGrpcClientInstrumentation()
                    .AddHttpClientInstrumentation();
            });

        builder.AddOpenTelemetryExporters();

        return builder;
    }

    private static TBuilder AddOpenTelemetryExporters<TBuilder>(this TBuilder builder) where TBuilder : IHostApplicationBuilder
    {
        var useOtlpExporter = !string.IsNullOrWhiteSpace(builder.Configuration[""OTEL_EXPORTER_OTLP_ENDPOINT""]);

        if (useOtlpExporter)
        {
            builder.Services.AddOpenTelemetry().UseOtlpExporter();
        }

        // Uncomment the following lines to enable the Azure Monitor exporter (requires the Azure.Monitor.OpenTelemetry.AspNetCore package)
        //if (!string.IsNullOrEmpty(builder.Configuration[""APPLICATIONINSIGHTS_CONNECTION_STRING""]))
        //{
        //    builder.Services.AddOpenTelemetry()
        //       .UseAzureMonitor();
        //}

        return builder;
    }

    public static TBuilder AddDefaultHealthChecks<TBuilder>(this TBuilder builder) where TBuilder : IHostApplicationBuilder
    {
        builder.Services.AddHealthChecks()
            // Add a default liveness check to ensure app is responsive
            .AddCheck(""self"", () => HealthCheckResult.Healthy(), [""live""]);

        return builder;
    }

    public static WebApplication MapDefaultEndpoints(this WebApplication app)
    {
        // Adding health checks endpoints to applications in non-development environments has security implications.
        // See https://aka.ms/dotnet/aspire/healthchecks for details before enabling these endpoints in non-development environments.
        if (app.Environment.IsDevelopment())
        {
            // All health checks must pass for app to be considered ready to accept traffic after starting
            app.MapHealthChecks(HealthEndpointPath);

            // Only health checks tagged with the ""live"" tag must pass for app to be considered alive
            app.MapHealthChecks(AlivenessEndpointPath, new HealthCheckOptions
            {
                Predicate = r => r.Tags.Contains(""live"")
            });
        }

        return app;
    }
}
"
"Debug","C:\Users\Amjad\source\repos\DentalClinic\DentistService.API\bin\Debug\net10.0\appsettings.Development.json","appsettings.Development.json",".json","{
  ""Logging"": {
    ""LogLevel"": {
      ""Default"": ""Information"",
      ""Microsoft.AspNetCore"": ""Warning""
    }
  }
}
"
"Debug","C:\Users\Amjad\source\repos\DentalClinic\DentistService.API\bin\Debug\net10.0\appsettings.json","appsettings.json",".json","{
  ""Logging"": {
    ""LogLevel"": {
      ""Default"": ""Information"",
      ""Microsoft.AspNetCore"": ""Warning""
    }
  },
  ""AllowedHosts"": ""*""
}
"
"DentistService.API","C:\Users\Amjad\source\repos\DentalClinic\DentistService.API\Controllers\DentistsController.cs","DentistsController.cs",".cs","using Microsoft.AspNetCore.Authorization;
using Microsoft.AspNetCore.Mvc;
using Microsoft.EntityFrameworkCore;
using DentistService.API.Models;

namespace DentistService.API.Controllers;

[ApiController]
[Route(""api/[controller]"")]
public class DentistsController : ControllerBase
{
    private readonly DentistDbContext _db;

    public DentistsController(DentistDbContext db)
    {
        _db = db;
    }

    [HttpGet]
    public async Task<ActionResult<IEnumerable<Dentist>>> GetAll()
        => await _db.Dentists.ToListAsync();

    [HttpGet(""{id}"")]
    public async Task<ActionResult<Dentist>> GetById(Guid id)
    {
        var dentist = await _db.Dentists.FindAsync(id);
        if (dentist is null) return NotFound();
        return dentist;
    }

    [Authorize(Roles = ""Admin"")]
    [HttpPost]
    public async Task<ActionResult<Dentist>> Create(Dentist input)
    {
        var dentist = new Dentist
        {
            FullName = input.FullName,
            Specialty = input.Specialty,
            Email = input.Email
        };

        _db.Dentists.Add(dentist);
        await _db.SaveChangesAsync();
        return CreatedAtAction(nameof(GetById), new { id = dentist.Id }, dentist);
    }

    [Authorize(Roles = ""Admin"")]
    [HttpPut(""{id}"")]
    public async Task<IActionResult> Update(Guid id, Dentist input)
    {
        var dentist = await _db.Dentists.FindAsync(id);
        if (dentist is null) return NotFound();

        dentist.FullName = input.FullName;
        dentist.Specialty = input.Specialty;
        dentist.Email = input.Email;

        await _db.SaveChangesAsync();
        return NoContent();
    }

    [Authorize(Roles = ""Admin"")]
    [HttpDelete(""{id}"")]
    public async Task<IActionResult> Delete(Guid id)
    {
        var dentist = await _db.Dentists.FindAsync(id);
        if (dentist is null) return NotFound();

        _db.Dentists.Remove(dentist);
        await _db.SaveChangesAsync();
        return NoContent();
    }
}
"
"DentistService.API","C:\Users\Amjad\source\repos\DentalClinic\DentistService.API\Models\Dentist.cs","Dentist.cs",".cs","namespace DentistService.API.Models;

public class Dentist
{
    public Guid Id { get; set; } = Guid.NewGuid();
    public string FullName { get; set; } = default!;
    public string? Specialty { get; set; }
    public string? Email { get; set; }
}
"
"DentistService.API","C:\Users\Amjad\source\repos\DentalClinic\DentistService.API\Models\DentistDbContext.cs","DentistDbContext.cs",".cs","using Microsoft.EntityFrameworkCore;

namespace DentistService.API.Models;

public class DentistDbContext : DbContext
{
    public DentistDbContext(DbContextOptions<DentistDbContext> options)
        : base(options)
    {
    }

    public DbSet<Dentist> Dentists => Set<Dentist>();
}
"
"Debug","C:\Users\Amjad\source\repos\DentalClinic\DentistService.API\obj\Debug\net10.0\.NETCoreApp,Version=v10.0.AssemblyAttributes.cs",".NETCoreApp,Version=v10.0.AssemblyAttributes.cs",".cs","// <autogenerated />
using System;
using System.Reflection;
[assembly: global::System.Runtime.Versioning.TargetFrameworkAttribute("".NETCoreApp,Version=v10.0"", FrameworkDisplayName = "".NET 10.0"")]
"
"Debug","C:\Users\Amjad\source\repos\DentalClinic\DentistService.API\obj\Debug\net10.0\DentistService.API.AssemblyInfo.cs","DentistService.API.AssemblyInfo.cs",".cs","//------------------------------------------------------------------------------
// <auto-generated>
//     This code was generated by a tool.
//     Runtime Version:4.0.30319.42000
//
//     Changes to this file may cause incorrect behavior and will be lost if
//     the code is regenerated.
// </auto-generated>
//------------------------------------------------------------------------------

using System;
using System.Reflection;

[assembly: System.Reflection.AssemblyCompanyAttribute(""DentistService.API"")]
[assembly: System.Reflection.AssemblyConfigurationAttribute(""Debug"")]
[assembly: System.Reflection.AssemblyFileVersionAttribute(""1.0.0.0"")]
[assembly: System.Reflection.AssemblyInformationalVersionAttribute(""1.0.0"")]
[assembly: System.Reflection.AssemblyProductAttribute(""DentistService.API"")]
[assembly: System.Reflection.AssemblyTitleAttribute(""DentistService.API"")]
[assembly: System.Reflection.AssemblyVersionAttribute(""1.0.0.0"")]

// Generated by the MSBuild WriteCodeFragment class.

"
"Debug","C:\Users\Amjad\source\repos\DentalClinic\DentistService.API\obj\Debug\net10.0\DentistService.API.GlobalUsings.g.cs","DentistService.API.GlobalUsings.g.cs",".cs","// <auto-generated/>
global using Microsoft.AspNetCore.Builder;
global using Microsoft.AspNetCore.Hosting;
global using Microsoft.AspNetCore.Http;
global using Microsoft.AspNetCore.Routing;
global using Microsoft.Extensions.Configuration;
global using Microsoft.Extensions.DependencyInjection;
global using Microsoft.Extensions.Hosting;
global using Microsoft.Extensions.Logging;
global using System;
global using System.Collections.Generic;
global using System.IO;
global using System.Linq;
global using System.Net.Http;
global using System.Net.Http.Json;
global using System.Threading;
global using System.Threading.Tasks;
"
"Debug","C:\Users\Amjad\source\repos\DentalClinic\DentistService.API\obj\Debug\net10.0\DentistService.API.MvcApplicationPartsAssemblyInfo.cs","DentistService.API.MvcApplicationPartsAssemblyInfo.cs",".cs","//------------------------------------------------------------------------------
// <auto-generated>
//     This code was generated by a tool.
//     Runtime Version:4.0.30319.42000
//
//     Changes to this file may cause incorrect behavior and will be lost if
//     the code is regenerated.
// </auto-generated>
//------------------------------------------------------------------------------

using System;
using System.Reflection;

[assembly: Microsoft.AspNetCore.Mvc.ApplicationParts.ApplicationPartAttribute(""Microsoft.AspNetCore.OpenApi"")]
[assembly: Microsoft.AspNetCore.Mvc.ApplicationParts.ApplicationPartAttribute(""Swashbuckle.AspNetCore.SwaggerGen"")]

// Generated by the MSBuild WriteCodeFragment class.

"
"DentistService.API","C:\Users\Amjad\source\repos\DentalClinic\DentistService.API\Properties\launchSettings.json","launchSettings.json",".json","{
  ""$schema"": ""https://json.schemastore.org/launchsettings.json"",
  ""profiles"": {
    ""http"": {
      ""commandName"": ""Project"",
      ""dotnetRunMessages"": true,
      ""launchBrowser"": false,
      ""applicationUrl"": ""http://localhost:5004"",
      ""environmentVariables"": {
        ""ASPNETCORE_ENVIRONMENT"": ""Development""
      }
    },
    ""https"": {
      ""commandName"": ""Project"",
      ""dotnetRunMessages"": true,
      ""launchBrowser"": false,
      ""applicationUrl"": ""https://localhost:7034;http://localhost:5004"",
      ""environmentVariables"": {
        ""ASPNETCORE_ENVIRONMENT"": ""Development""
      }
    }
  }
}
"
"DentistService.API","C:\Users\Amjad\source\repos\DentalClinic\DentistService.API\appsettings.Development.json","appsettings.Development.json",".json","{
  ""Logging"": {
    ""LogLevel"": {
      ""Default"": ""Information"",
      ""Microsoft.AspNetCore"": ""Warning""
    }
  }
}
"
"DentistService.API","C:\Users\Amjad\source\repos\DentalClinic\DentistService.API\appsettings.json","appsettings.json",".json","{
  ""Logging"": {
    ""LogLevel"": {
      ""Default"": ""Information"",
      ""Microsoft.AspNetCore"": ""Warning""
    }
  },
  ""AllowedHosts"": ""*""
}
"
"DentistService.API","C:\Users\Amjad\source\repos\DentalClinic\DentistService.API\DentistService.API.csproj","DentistService.API.csproj",".csproj","<Project Sdk=""Microsoft.NET.Sdk.Web"">

  <PropertyGroup>
    <TargetFramework>net10.0</TargetFramework>
    <Nullable>enable</Nullable>
    <ImplicitUsings>enable</ImplicitUsings>
  </PropertyGroup>

	<ItemGroup>
		<PackageReference Include=""Microsoft.EntityFrameworkCore"" Version=""10.0.0"" />
		<PackageReference Include=""Microsoft.EntityFrameworkCore.Sqlite"" Version=""10.0.0"" />
		<PackageReference Include=""Microsoft.EntityFrameworkCore.Design"" Version=""10.0.0"" />
		<PackageReference Include=""Microsoft.AspNetCore.Authentication.JwtBearer"" Version=""10.0.0"" />
		<PackageReference Include=""System.IdentityModel.Tokens.Jwt"" Version=""8.14.0"" />
		<PackageReference Include=""Swashbuckle.AspNetCore"" Version=""10.0.1"" />
		<PackageReference Include=""Microsoft.AspNetCore.OpenApi"" Version=""10.0.0"" />
	</ItemGroup>

  <ItemGroup>
    <ProjectReference Include=""..\DentalClinic.ServiceDefaults\DentalClinic.ServiceDefaults.csproj"" />
  </ItemGroup>

</Project>
"
"DentistService.API","C:\Users\Amjad\source\repos\DentalClinic\DentistService.API\Program.cs","Program.cs",".cs","using System.Text;
using Microsoft.AspNetCore.Authentication.JwtBearer;
using Microsoft.EntityFrameworkCore;
using Microsoft.IdentityModel.Tokens;
using DentistService.API.Models;

var builder = WebApplication.CreateBuilder(args);

builder.AddServiceDefaults();

// EF Core + SQLite
builder.Services.AddDbContext<DentistDbContext>(options =>
    options.UseSqlite(""Data Source=DentistService.db""));

// JWT Settings (نفس القيم)
var jwtKey = ""this_is_my_super_secret_key_12345"";
var issuer = ""DentalClinicAuth"";
var audience = ""DentalClinicServices"";

builder.Services.AddAuthentication(JwtBearerDefaults.AuthenticationScheme)
    .AddJwtBearer(options =>
    {
        options.TokenValidationParameters = new()
        {
            ValidateIssuer = true,
            ValidateAudience = true,
            ValidateIssuerSigningKey = true,
            ValidIssuer = issuer,
            ValidAudience = audience,
            IssuerSigningKey = new SymmetricSecurityKey(Encoding.UTF8.GetBytes(jwtKey))
        };
    });

builder.Services.AddAuthorization();

builder.Services.AddControllers();
builder.Services.AddEndpointsApiExplorer();
builder.Services.AddSwaggerGen();

var app = builder.Build();

// تأكيد DB
using (var scope = app.Services.CreateScope())
{
    var db = scope.ServiceProvider.GetRequiredService<DentistDbContext>();
    db.Database.EnsureCreated();
}

if (app.Environment.IsDevelopment())
{
    app.UseSwagger();
    app.UseSwaggerUI();
}

app.UseHttpsRedirection();

app.UseAuthentication();
app.UseAuthorization();

app.MapControllers();
app.MapDefaultEndpoints();

app.Run();
"
"Debug","C:\Users\Amjad\source\repos\DentalClinic\Frontend\bin\Debug\net10.0\appsettings.Development.json","appsettings.Development.json",".json","{
  ""Logging"": {
    ""LogLevel"": {
      ""Default"": ""Information"",
      ""Microsoft.AspNetCore"": ""Warning""
    }
  }
}
"
"Debug","C:\Users\Amjad\source\repos\DentalClinic\Frontend\bin\Debug\net10.0\appsettings.json","appsettings.json",".json","{
  ""Logging"": {
    ""LogLevel"": {
      ""Default"": ""Information"",
      ""Microsoft.AspNetCore"": ""Warning""
    }
  },
  ""AllowedHosts"": ""*""
}
"
"Components","C:\Users\Amjad\source\repos\DentalClinic\Frontend\Components\Layout\MainLayout.razor","MainLayout.razor",".razor","@inherits LayoutComponentBase

<div class=""page"">
    <div class=""sidebar"">
        <NavMenu />
    </div>

    <main>
        <div class=""top-row px-4"">
            <a href=""https://learn.microsoft.com/aspnet/core/"" target=""_blank"">About</a>
        </div>

        <article class=""content px-4"">
            @Body
        </article>
    </main>
</div>

<div id=""blazor-error-ui"" data-nosnippet>
    An unhandled error has occurred.
    <a href=""."" class=""reload"">Reload</a>
    <span class=""dismiss"">🗙</span>
</div>
"
"Components","C:\Users\Amjad\source\repos\DentalClinic\Frontend\Components\Layout\NavMenu.razor","NavMenu.razor",".razor","<div class=""top-row ps-3 navbar navbar-dark"">
    <div class=""container-fluid"">
        <a class=""navbar-brand"" href="""">Frontend</a>
    </div>
</div>

<input type=""checkbox"" title=""Navigation menu"" class=""navbar-toggler"" />

<div class=""nav-scrollable"" onclick=""document.querySelector('.navbar-toggler').click()"">
    <nav class=""nav flex-column"">
        <div class=""nav-item px-3"">
            <NavLink class=""nav-link"" href="""" Match=""NavLinkMatch.All"">
                <span class=""bi bi-house-door-fill-nav-menu"" aria-hidden=""true""></span> Home
            </NavLink>
        </div>

        <div class=""nav-item px-3"">
            <NavLink class=""nav-link"" href=""counter"">
                <span class=""bi bi-plus-square-fill-nav-menu"" aria-hidden=""true""></span> Counter
            </NavLink>
        </div>

        <div class=""nav-item px-3"">
            <NavLink class=""nav-link"" href=""weather"">
                <span class=""bi bi-list-nested-nav-menu"" aria-hidden=""true""></span> Weather
            </NavLink>
        </div>

        <div class=""nav-item px-3"">
            <NavLink class=""nav-link"" href=""appointment"">
                <span class=""bi bi-calendar"" aria-hidden=""true""></span> Appointment
            </NavLink>
        </div>

    </nav>
</div>

"
"Components","C:\Users\Amjad\source\repos\DentalClinic\Frontend\Components\Layout\ReconnectModal.razor","ReconnectModal.razor",".razor","<script type=""module"" src=""@Assets[""Components/Layout/ReconnectModal.razor.js""]""></script>

<dialog id=""components-reconnect-modal"" data-nosnippet>
    <div class=""components-reconnect-container"">
        <div class=""components-rejoining-animation"" aria-hidden=""true"">
            <div></div>
            <div></div>
        </div>
        <p class=""components-reconnect-first-attempt-visible"">
            Rejoining the server...
        </p>
        <p class=""components-reconnect-repeated-attempt-visible"">
            Rejoin failed... trying again in <span id=""components-seconds-to-next-attempt""></span> seconds.
        </p>
        <p class=""components-reconnect-failed-visible"">
            Failed to rejoin.<br />Please retry or reload the page.
        </p>
        <button id=""components-reconnect-button"" class=""components-reconnect-failed-visible"">
            Retry
        </button>
        <p class=""components-pause-visible"">
            The session has been paused by the server.
        </p>
        <button id=""components-resume-button"" class=""components-pause-visible"">
            Resume
        </button>
        <p class=""components-resume-failed-visible"">
            Failed to resume the session.<br />Please reload the page.
        </p>
    </div>
</dialog>
"
"Components","C:\Users\Amjad\source\repos\DentalClinic\Frontend\Components\Pages\Appointment.razor","Appointment.razor",".razor","@page ""/appointment""
@inject AppointmentServiceClient Http
@inject ILogger<Appointment> Logger
@rendermode InteractiveServer

<h3>Book an Appointment</h3>

<div>
    <input @bind=""patientName"" placeholder=""Patient name"" />
    <input type=""date"" @bind=""appointmentDate"" />
    <input type=""number"" @bind=""appointmentsToday"" placeholder=""Appointments today"" />
    <input type=""number"" step=""0.01"" @bind=""amount"" placeholder=""Amount (DKK)"" />
    <button @onclick=""StartWorkflow"">Start Workflow</button>
</div>

@if (!string.IsNullOrEmpty(instanceId))
{
    <p>Instance ID: @instanceId</p>
    <button @onclick=""CheckStatus"">Check Status</button>
    <pre>@statusJson</pre>
}

@code {
    string patientName = ""Amjad Renno"";
    DateOnly appointmentDate = DateOnly.FromDateTime(DateTime.Today);
    int appointmentsToday = 3;
    decimal amount = 500m;

    string? instanceId;
    string? statusJson;

    record AppointmentInput(string PatientName, DateOnly Date, int NumberOfAppointmentsToday, decimal Amount);

    async Task StartWorkflow()
    {
        Logger.LogInformation(""Starting appointment workflow..."");
        var resp = await Http.HttpClient.PostAsJsonAsync(""api/appointment/start"",
            new AppointmentInput(patientName, appointmentDate, appointmentsToday, amount));
        var payload = await resp.Content.ReadFromJsonAsync<Dictionary<string, string>>();
        instanceId = payload?[""instanceId""];
    }

    async Task CheckStatus()
    {
        if (instanceId is null) return;
        Logger.LogInformation(""Checking workflow status..."");
        var resp = await Http.HttpClient.GetAsync($""api/appointment/status/{instanceId}"");
        statusJson = await resp.Content.ReadAsStringAsync();
    }
}
"
"Components","C:\Users\Amjad\source\repos\DentalClinic\Frontend\Components\Pages\Counter.razor","Counter.razor",".razor","@page ""/counter""
@rendermode InteractiveServer

<PageTitle>Counter</PageTitle>

<h1>Counter</h1>

<p role=""status"">Current count: @currentCount</p>

<button class=""btn btn-primary"" @onclick=""IncrementCount"">Click me</button>

@code {
    private int currentCount = 0;

    private void IncrementCount()
    {
        currentCount++;
    }
}
"
"Components","C:\Users\Amjad\source\repos\DentalClinic\Frontend\Components\Pages\Error.razor","Error.razor",".razor","@page ""/Error""
@using System.Diagnostics

<PageTitle>Error</PageTitle>

<h1 class=""text-danger"">Error.</h1>
<h2 class=""text-danger"">An error occurred while processing your request.</h2>

@if (ShowRequestId)
{
    <p>
        <strong>Request ID:</strong> <code>@RequestId</code>
    </p>
}

<h3>Development Mode</h3>
<p>
    Swapping to <strong>Development</strong> environment will display more detailed information about the error that occurred.
</p>
<p>
    <strong>The Development environment shouldn't be enabled for deployed applications.</strong>
    It can result in displaying sensitive information from exceptions to end users.
    For local debugging, enable the <strong>Development</strong> environment by setting the <strong>ASPNETCORE_ENVIRONMENT</strong> environment variable to <strong>Development</strong>
    and restarting the app.
</p>

@code{
    [CascadingParameter]
    private HttpContext? HttpContext { get; set; }

    private string? RequestId { get; set; }
    private bool ShowRequestId => !string.IsNullOrEmpty(RequestId);

    protected override void OnInitialized() =>
        RequestId = Activity.Current?.Id ?? HttpContext?.TraceIdentifier;
}
"
"Components","C:\Users\Amjad\source\repos\DentalClinic\Frontend\Components\Pages\Home.razor","Home.razor",".razor","@page ""/""

<PageTitle>Home</PageTitle>

<h1>Hello, world!</h1>

Welcome to your new app.
"
"Components","C:\Users\Amjad\source\repos\DentalClinic\Frontend\Components\Pages\NotFound.razor","NotFound.razor",".razor","@page ""/not-found""
@layout MainLayout

<h3>Not Found</h3>
<p>Sorry, the content you are looking for does not exist.</p>"
"Components","C:\Users\Amjad\source\repos\DentalClinic\Frontend\Components\Pages\Weather.razor","Weather.razor",".razor","@page ""/weather""
@attribute [StreamRendering]

<PageTitle>Weather</PageTitle>

<h1>Weather</h1>

<p>This component demonstrates showing data.</p>

@if (forecasts == null)
{
    <p><em>Loading...</em></p>
}
else
{
    <table class=""table"">
        <thead>
            <tr>
                <th>Date</th>
                <th aria-label=""Temperature in Celsius"">Temp. (C)</th>
                <th aria-label=""Temperature in Fahrenheit"">Temp. (F)</th>
                <th>Summary</th>
            </tr>
        </thead>
        <tbody>
            @foreach (var forecast in forecasts)
            {
                <tr>
                    <td>@forecast.Date.ToShortDateString()</td>
                    <td>@forecast.TemperatureC</td>
                    <td>@forecast.TemperatureF</td>
                    <td>@forecast.Summary</td>
                </tr>
            }
        </tbody>
    </table>
}

@code {
    private WeatherForecast[]? forecasts;

    protected override async Task OnInitializedAsync()
    {
        // Simulate asynchronous loading to demonstrate streaming rendering
        await Task.Delay(500);

        var startDate = DateOnly.FromDateTime(DateTime.Now);
        var summaries = new[] { ""Freezing"", ""Bracing"", ""Chilly"", ""Cool"", ""Mild"", ""Warm"", ""Balmy"", ""Hot"", ""Sweltering"", ""Scorching"" };
        forecasts = Enumerable.Range(1, 5).Select(index => new WeatherForecast
        {
            Date = startDate.AddDays(index),
            TemperatureC = Random.Shared.Next(-20, 55),
            Summary = summaries[Random.Shared.Next(summaries.Length)]
        }).ToArray();
    }

    private class WeatherForecast
    {
        public DateOnly Date { get; set; }
        public int TemperatureC { get; set; }
        public string? Summary { get; set; }
        public int TemperatureF => 32 + (int)(TemperatureC / 0.5556);
    }
}
"
"Frontend","C:\Users\Amjad\source\repos\DentalClinic\Frontend\Components\App.razor","App.razor",".razor","<!DOCTYPE html>
<html lang=""en"">

<head>
    <meta charset=""utf-8"" />
    <meta name=""viewport"" content=""width=device-width, initial-scale=1.0"" />
    <base href=""/"" />
    <ResourcePreloader />
    <link rel=""stylesheet"" href=""@Assets[""lib/bootstrap/dist/css/bootstrap.min.css""]"" />
    <link rel=""stylesheet"" href=""@Assets[""app.css""]"" />
    <link rel=""stylesheet"" href=""@Assets[""Frontend.styles.css""]"" />
    <ImportMap />
    <link rel=""icon"" type=""image/png"" href=""favicon.png"" />
    <HeadOutlet />
</head>

<body>
    <Routes />
    <ReconnectModal />
    <script src=""@Assets[""_framework/blazor.web.js""]""></script>
</body>

</html>
"
"Frontend","C:\Users\Amjad\source\repos\DentalClinic\Frontend\Components\Routes.razor","Routes.razor",".razor","<Router AppAssembly=""typeof(Program).Assembly"" NotFoundPage=""typeof(Pages.NotFound)"">
    <Found Context=""routeData"">
        <RouteView RouteData=""routeData"" DefaultLayout=""typeof(Layout.MainLayout)"" />
        <FocusOnNavigate RouteData=""routeData"" Selector=""h1"" />
    </Found>
</Router>
"
"Frontend","C:\Users\Amjad\source\repos\DentalClinic\Frontend\Components\_Imports.razor","_Imports.razor",".razor","@using System.Net.Http
@using System.Net.Http.Json
@using Microsoft.AspNetCore.Components.Forms
@using Microsoft.AspNetCore.Components.Routing
@using Microsoft.AspNetCore.Components.Web
@using static Microsoft.AspNetCore.Components.Web.RenderMode
@using Microsoft.AspNetCore.Components.Web.Virtualization
@using Microsoft.JSInterop
@using Frontend
@using Frontend.Components
@using Frontend.Components.Layout
"
"Debug","C:\Users\Amjad\source\repos\DentalClinic\Frontend\obj\Debug\net10.0\.NETCoreApp,Version=v10.0.AssemblyAttributes.cs",".NETCoreApp,Version=v10.0.AssemblyAttributes.cs",".cs","// <autogenerated />
using System;
using System.Reflection;
[assembly: global::System.Runtime.Versioning.TargetFrameworkAttribute("".NETCoreApp,Version=v10.0"", FrameworkDisplayName = "".NET 10.0"")]
"
"Debug","C:\Users\Amjad\source\repos\DentalClinic\Frontend\obj\Debug\net10.0\EmbeddedAttribute.cs","EmbeddedAttribute.cs",".cs","// <auto-generated/>
namespace Microsoft.CodeAnalysis
{
internal sealed partial class EmbeddedAttribute : global::System.Attribute
{
}
}
"
"Debug","C:\Users\Amjad\source\repos\DentalClinic\Frontend\obj\Debug\net10.0\Frontend.AssemblyInfo.cs","Frontend.AssemblyInfo.cs",".cs","//------------------------------------------------------------------------------
// <auto-generated>
//     This code was generated by a tool.
//     Runtime Version:4.0.30319.42000
//
//     Changes to this file may cause incorrect behavior and will be lost if
//     the code is regenerated.
// </auto-generated>
//------------------------------------------------------------------------------

using System;
using System.Reflection;

[assembly: System.Reflection.AssemblyCompanyAttribute(""Frontend"")]
[assembly: System.Reflection.AssemblyConfigurationAttribute(""Debug"")]
[assembly: System.Reflection.AssemblyFileVersionAttribute(""1.0.0.0"")]
[assembly: System.Reflection.AssemblyInformationalVersionAttribute(""1.0.0"")]
[assembly: System.Reflection.AssemblyProductAttribute(""Frontend"")]
[assembly: System.Reflection.AssemblyTitleAttribute(""Frontend"")]
[assembly: System.Reflection.AssemblyVersionAttribute(""1.0.0.0"")]

// Generated by the MSBuild WriteCodeFragment class.

"
"Debug","C:\Users\Amjad\source\repos\DentalClinic\Frontend\obj\Debug\net10.0\Frontend.GlobalUsings.g.cs","Frontend.GlobalUsings.g.cs",".cs","// <auto-generated/>
global using Microsoft.AspNetCore.Builder;
global using Microsoft.AspNetCore.Hosting;
global using Microsoft.AspNetCore.Http;
global using Microsoft.AspNetCore.Routing;
global using Microsoft.Extensions.Configuration;
global using Microsoft.Extensions.DependencyInjection;
global using Microsoft.Extensions.Hosting;
global using Microsoft.Extensions.Logging;
global using Microsoft.Extensions.Validation.Embedded;
global using System;
global using System.Collections.Generic;
global using System.IO;
global using System.Linq;
global using System.Net.Http;
global using System.Net.Http.Json;
global using System.Threading;
global using System.Threading.Tasks;
"
"Debug","C:\Users\Amjad\source\repos\DentalClinic\Frontend\obj\Debug\net10.0\ValidatableTypeAttribute.cs","ValidatableTypeAttribute.cs",".cs","// <auto-generated/>
namespace Microsoft.Extensions.Validation.Embedded
{
[global::Microsoft.CodeAnalysis.EmbeddedAttribute]
[global::System.AttributeUsage(global::System.AttributeTargets.Class)]
internal sealed class ValidatableTypeAttribute : global::System.Attribute
{
}
}
"
"Frontend","C:\Users\Amjad\source\repos\DentalClinic\Frontend\Properties\launchSettings.json","launchSettings.json",".json","{
  ""$schema"": ""https://json.schemastore.org/launchsettings.json"",
    ""profiles"": {
      ""http"": {
        ""commandName"": ""Project"",
        ""dotnetRunMessages"": true,
        ""launchBrowser"": true,
        ""applicationUrl"": ""http://localhost:5274"",
        ""environmentVariables"": {
          ""ASPNETCORE_ENVIRONMENT"": ""Development""
        }
      },
      ""https"": {
        ""commandName"": ""Project"",
        ""dotnetRunMessages"": true,
        ""launchBrowser"": true,
        ""applicationUrl"": ""https://localhost:7074;http://localhost:5274"",
        ""environmentVariables"": {
          ""ASPNETCORE_ENVIRONMENT"": ""Development""
        }
      }
    }
  }
"
"DentalClinic","C:\Users\Amjad\source\repos\DentalClinic\Frontend\appsettings.Development.json","appsettings.Development.json",".json","{
  ""Logging"": {
    ""LogLevel"": {
      ""Default"": ""Information"",
      ""Microsoft.AspNetCore"": ""Warning""
    }
  }
}
"
"DentalClinic","C:\Users\Amjad\source\repos\DentalClinic\Frontend\appsettings.json","appsettings.json",".json","{
  ""Logging"": {
    ""LogLevel"": {
      ""Default"": ""Information"",
      ""Microsoft.AspNetCore"": ""Warning""
    }
  },
  ""AllowedHosts"": ""*""
}
"
"DentalClinic","C:\Users\Amjad\source\repos\DentalClinic\Frontend\Frontend.csproj","Frontend.csproj",".csproj","<Project Sdk=""Microsoft.NET.Sdk.Web"">

  <PropertyGroup>
    <TargetFramework>net10.0</TargetFramework>
    <Nullable>enable</Nullable>
    <ImplicitUsings>enable</ImplicitUsings>
    <BlazorDisableThrowNavigationException>true</BlazorDisableThrowNavigationException>
  </PropertyGroup>

  <ItemGroup>
    <ProjectReference Include=""..\DentalClinic.ServiceDefaults\DentalClinic.ServiceDefaults.csproj"" />
  </ItemGroup>

</Project>
"
"DentalClinic","C:\Users\Amjad\source\repos\DentalClinic\Frontend\Program.cs","Program.cs",".cs","using Frontend.Components;

var builder = WebApplication.CreateBuilder(args);

builder.AddServiceDefaults(); // Aspire telemetry, health, service discovery

// Blazor server components
builder.Services.AddRazorComponents()
    .AddInteractiveServerComponents();

// HttpClient يتصل فقط عبر الـ Gateway
builder.Services.AddHttpClient<AppointmentServiceClient>(client =>
{
    client.BaseAddress = new(""https+http://gatewayservice""); // Aspire service discovery
});

var app = builder.Build();

app.MapDefaultEndpoints();

if (!app.Environment.IsDevelopment())
{
    app.UseExceptionHandler(""/Error"", createScopeForErrors: true);
}

app.UseStatusCodePagesWithReExecute(""/not-found"", createScopeForStatusCodePages: true);
app.UseAntiforgery();
app.MapStaticAssets();

app.MapRazorComponents<App>()
    .AddInteractiveServerRenderMode();

app.Run();

public class AppointmentServiceClient
{
    public AppointmentServiceClient(HttpClient httpClient)
    {
        HttpClient = httpClient;
    }
    public HttpClient HttpClient { get; }
}
"
"Debug","C:\Users\Amjad\source\repos\DentalClinic\GatewayService\bin\Debug\net10.0\appsettings.Development.json","appsettings.Development.json",".json","{
  ""Logging"": {
    ""LogLevel"": {
      ""Default"": ""Information"",
      ""Microsoft.AspNetCore"": ""Warning""
    }
  }
}
"
"Debug","C:\Users\Amjad\source\repos\DentalClinic\GatewayService\bin\Debug\net10.0\appsettings.json","appsettings.json",".json","{
  ""Logging"": {
    ""LogLevel"": {
      ""Default"": ""Information"",
      ""Microsoft.AspNetCore"": ""Warning""
    }
  },

  ""AllowedHosts"": ""*"",

  ""Jwt"": {
    ""Key"": ""this_is_my_super_secret_key_12345"",
    ""Issuer"": ""DentalClinicAuth"",
    ""Audience"": ""DentalClinicServices""
  },

  ""ReverseProxy"": {
    ""Routes"": {

      ""auth-login"": {
        ""ClusterId"": ""auth"",
        ""Match"": { ""Path"": ""/auth/login"" }
      },

      ""auth-register"": {
        ""ClusterId"": ""auth"",
        ""Match"": { ""Path"": ""/auth/register"" }
      },

      ""auth-all"": {
        ""ClusterId"": ""auth"",
        ""Match"": { ""Path"": ""/auth/{**remainder}"" }
      },

      /* ============================
         ðŸ”¥ Booking Routes
         ============================ */

      ""booking-mine"": {
        ""ClusterId"": ""booking"",
        ""Match"": { ""Path"": ""/api/appointments/mine"" },
        ""Transforms"": [
          { ""RequestHeadersCopy"": ""true"" }
        ]
      },

      ""booking-cancel"": {
        ""ClusterId"": ""booking"",
        ""Match"": { ""Path"": ""/api/appointments/cancel"" },
        ""Transforms"": [
          { ""RequestHeadersCopy"": ""true"" }
        ]
      },

      ""booking-create"": {
        ""ClusterId"": ""booking"",
        ""Match"": { ""Path"": ""/api/appointments"" },
        ""Transforms"": [
          { ""RequestHeadersCopy"": ""true"" }
        ]
      },

      ""booking-all"": {
        ""ClusterId"": ""booking"",
        ""Match"": { ""Path"": ""/api/appointments/{**remainder}"" },
        ""Transforms"": [
          { ""RequestHeadersCopy"": ""true"" }
        ]
      },

      /* ============================
         Patients + Dentists + Payment
         ============================ */

      ""patients"": {
        ""ClusterId"": ""patients"",
        ""Match"": { ""Path"": ""/api/patients/{**remainder}"" }
      },

      ""dentists"": {
        ""ClusterId"": ""dentists"",
        ""Match"": { ""Path"": ""/api/dentists/{**remainder}"" }
      },

      ""payment"": {
        ""ClusterId"": ""payment"",
        ""Match"": { ""Path"": ""/api/payments/{**remainder}"" }
      }
    },

    ""Clusters"": {
      ""auth"": {
        ""Destinations"": {
          ""d1"": { ""Address"": ""https://localhost:7003"" }
        }
      },
      ""booking"": {
        ""Destinations"": {
          ""d1"": { ""Address"": ""http://localhost:5175"" }
        }
      },
      ""payment"": {
        ""Destinations"": {
          ""d1"": { ""Address"": ""http://localhost:5012"" }
        }
      },
      ""patients"": {
        ""Destinations"": {
          ""d1"": { ""Address"": ""http://localhost:5272"" }
        }
      },
      ""dentists"": {
        ""Destinations"": {
          ""d1"": { ""Address"": ""http://localhost:5004"" }
        }
      }
    }
  }
}
"
"Debug","C:\Users\Amjad\source\repos\DentalClinic\GatewayService\obj\Debug\net10.0\.NETCoreApp,Version=v10.0.AssemblyAttributes.cs",".NETCoreApp,Version=v10.0.AssemblyAttributes.cs",".cs","// <autogenerated />
using System;
using System.Reflection;
[assembly: global::System.Runtime.Versioning.TargetFrameworkAttribute("".NETCoreApp,Version=v10.0"", FrameworkDisplayName = "".NET 10.0"")]
"
"Debug","C:\Users\Amjad\source\repos\DentalClinic\GatewayService\obj\Debug\net10.0\GatewayService.AssemblyInfo.cs","GatewayService.AssemblyInfo.cs",".cs","//------------------------------------------------------------------------------
// <auto-generated>
//     This code was generated by a tool.
//     Runtime Version:4.0.30319.42000
//
//     Changes to this file may cause incorrect behavior and will be lost if
//     the code is regenerated.
// </auto-generated>
//------------------------------------------------------------------------------

using System;
using System.Reflection;

[assembly: System.Reflection.AssemblyCompanyAttribute(""GatewayService"")]
[assembly: System.Reflection.AssemblyConfigurationAttribute(""Debug"")]
[assembly: System.Reflection.AssemblyFileVersionAttribute(""1.0.0.0"")]
[assembly: System.Reflection.AssemblyInformationalVersionAttribute(""1.0.0"")]
[assembly: System.Reflection.AssemblyProductAttribute(""GatewayService"")]
[assembly: System.Reflection.AssemblyTitleAttribute(""GatewayService"")]
[assembly: System.Reflection.AssemblyVersionAttribute(""1.0.0.0"")]

// Generated by the MSBuild WriteCodeFragment class.

"
"Debug","C:\Users\Amjad\source\repos\DentalClinic\GatewayService\obj\Debug\net10.0\GatewayService.GlobalUsings.g.cs","GatewayService.GlobalUsings.g.cs",".cs","// <auto-generated/>
global using Microsoft.AspNetCore.Builder;
global using Microsoft.AspNetCore.Hosting;
global using Microsoft.AspNetCore.Http;
global using Microsoft.AspNetCore.Routing;
global using Microsoft.Extensions.Configuration;
global using Microsoft.Extensions.DependencyInjection;
global using Microsoft.Extensions.Hosting;
global using Microsoft.Extensions.Logging;
global using System;
global using System.Collections.Generic;
global using System.IO;
global using System.Linq;
global using System.Net.Http;
global using System.Net.Http.Json;
global using System.Threading;
global using System.Threading.Tasks;
"
"Debug","C:\Users\Amjad\source\repos\DentalClinic\GatewayService\obj\Debug\net10.0\GatewayService.MvcApplicationPartsAssemblyInfo.cs","GatewayService.MvcApplicationPartsAssemblyInfo.cs",".cs","//------------------------------------------------------------------------------
// <auto-generated>
//     This code was generated by a tool.
//     Runtime Version:4.0.30319.42000
//
//     Changes to this file may cause incorrect behavior and will be lost if
//     the code is regenerated.
// </auto-generated>
//------------------------------------------------------------------------------

using System;
using System.Reflection;

[assembly: Microsoft.AspNetCore.Mvc.ApplicationParts.ApplicationPartAttribute(""Microsoft.AspNetCore.OpenApi"")]
[assembly: Microsoft.AspNetCore.Mvc.ApplicationParts.ApplicationPartAttribute(""Swashbuckle.AspNetCore.SwaggerGen"")]

// Generated by the MSBuild WriteCodeFragment class.

"
"GatewayService","C:\Users\Amjad\source\repos\DentalClinic\GatewayService\Properties\launchSettings.json","launchSettings.json",".json","{
  ""$schema"": ""https://json.schemastore.org/launchsettings.json"",
  ""profiles"": {
    ""http"": {
      ""commandName"": ""Project"",
      ""dotnetRunMessages"": true,
      ""launchBrowser"": false,
      ""applicationUrl"": ""http://localhost:5009"",
      ""environmentVariables"": {
        ""ASPNETCORE_ENVIRONMENT"": ""Development""
      }
    },
    ""https"": {
      ""commandName"": ""Project"",
      ""dotnetRunMessages"": true,
      ""launchBrowser"": false,
      ""applicationUrl"": ""https://localhost:7168;http://localhost:5009"",
      ""environmentVariables"": {
        ""ASPNETCORE_ENVIRONMENT"": ""Development""
      }
    }
  }
}
"
"DentalClinic","C:\Users\Amjad\source\repos\DentalClinic\GatewayService\appsettings.Development.json","appsettings.Development.json",".json","{
  ""Logging"": {
    ""LogLevel"": {
      ""Default"": ""Information"",
      ""Microsoft.AspNetCore"": ""Warning""
    }
  }
}
"
"DentalClinic","C:\Users\Amjad\source\repos\DentalClinic\GatewayService\appsettings.json","appsettings.json",".json","{
  ""Logging"": {
    ""LogLevel"": {
      ""Default"": ""Information"",
      ""Microsoft.AspNetCore"": ""Warning""
    }
  },

  ""AllowedHosts"": ""*"",

  ""Jwt"": {
    ""Key"": ""this_is_my_super_secret_key_12345"",
    ""Issuer"": ""DentalClinicAuth"",
    ""Audience"": ""DentalClinicServices""
  },

  ""ReverseProxy"": {
    ""Routes"": {

      ""auth-login"": {
        ""ClusterId"": ""auth"",
        ""Match"": { ""Path"": ""/auth/login"" }
      },

      ""auth-register"": {
        ""ClusterId"": ""auth"",
        ""Match"": { ""Path"": ""/auth/register"" }
      },

      ""auth-all"": {
        ""ClusterId"": ""auth"",
        ""Match"": { ""Path"": ""/auth/{**remainder}"" }
      },

      /* ============================
         ðŸ”¥ Booking Routes
         ============================ */

      ""booking-mine"": {
        ""ClusterId"": ""booking"",
        ""Match"": { ""Path"": ""/api/appointments/mine"" },
        ""Transforms"": [
          { ""RequestHeadersCopy"": ""true"" }
        ]
      },

      ""booking-cancel"": {
        ""ClusterId"": ""booking"",
        ""Match"": { ""Path"": ""/api/appointments/cancel"" },
        ""Transforms"": [
          { ""RequestHeadersCopy"": ""true"" }
        ]
      },

      ""booking-create"": {
        ""ClusterId"": ""booking"",
        ""Match"": { ""Path"": ""/api/appointments"" },
        ""Transforms"": [
          { ""RequestHeadersCopy"": ""true"" }
        ]
      },

      ""booking-all"": {
        ""ClusterId"": ""booking"",
        ""Match"": { ""Path"": ""/api/appointments/{**remainder}"" },
        ""Transforms"": [
          { ""RequestHeadersCopy"": ""true"" }
        ]
      },

      /* ============================
         Patients + Dentists + Payment
         ============================ */

      ""patients"": {
        ""ClusterId"": ""patients"",
        ""Match"": { ""Path"": ""/api/patients/{**remainder}"" }
      },

      ""dentists"": {
        ""ClusterId"": ""dentists"",
        ""Match"": { ""Path"": ""/api/dentists/{**remainder}"" }
      },

      ""payment"": {
        ""ClusterId"": ""payment"",
        ""Match"": { ""Path"": ""/api/payments/{**remainder}"" }
      }
    },

    ""Clusters"": {
      ""auth"": {
        ""Destinations"": {
          ""d1"": { ""Address"": ""https://localhost:7003"" }
        }
      },
      ""booking"": {
        ""Destinations"": {
          ""d1"": { ""Address"": ""http://localhost:5175"" }
        }
      },
      ""payment"": {
        ""Destinations"": {
          ""d1"": { ""Address"": ""http://localhost:5012"" }
        }
      },
      ""patients"": {
        ""Destinations"": {
          ""d1"": { ""Address"": ""http://localhost:5272"" }
        }
      },
      ""dentists"": {
        ""Destinations"": {
          ""d1"": { ""Address"": ""http://localhost:5004"" }
        }
      }
    }
  }
}
"
"DentalClinic","C:\Users\Amjad\source\repos\DentalClinic\GatewayService\GatewayService.csproj","GatewayService.csproj",".csproj","<Project Sdk=""Microsoft.NET.Sdk.Web"">

  <PropertyGroup>
    <TargetFramework>net10.0</TargetFramework>
    <Nullable>enable</Nullable>
    <ImplicitUsings>enable</ImplicitUsings>
  </PropertyGroup>

  <ItemGroup>
    <PackageReference Include=""Microsoft.Extensions.ServiceDiscovery.Yarp"" Version=""10.0.0"" />
    <PackageReference Include=""Yarp.ReverseProxy"" Version=""2.3.0"" />
	<PackageReference Include=""Microsoft.AspNetCore.Authentication.JwtBearer"" Version=""10.0.0"" />
	<PackageReference Include=""System.IdentityModel.Tokens.Jwt"" Version=""8.14.0"" />
	<PackageReference Include=""Swashbuckle.AspNetCore"" Version=""6.5.0"" />
	<PackageReference Include=""Microsoft.AspNetCore.OpenApi"" Version=""8.0.10"" />
  </ItemGroup>

  <ItemGroup>
    <ProjectReference Include=""..\DentalClinic.ServiceDefaults\DentalClinic.ServiceDefaults.csproj"" />
  </ItemGroup>

</Project>
"
"DentalClinic","C:\Users\Amjad\source\repos\DentalClinic\GatewayService\Program.cs","Program.cs",".cs","using Microsoft.AspNetCore.Authentication.JwtBearer;
using Microsoft.IdentityModel.Tokens;
using System.Text;
using System.Security.Claims;   // 👈 أضف هذا

var builder = WebApplication.CreateBuilder(args);

builder.AddServiceDefaults();

// --- JWT Authentication Settings ---
var jwtKey = builder.Configuration[""Jwt:Key""];
var issuer = builder.Configuration[""Jwt:Issuer""];
var audience = builder.Configuration[""Jwt:Audience""];

builder.Services.AddAuthentication(JwtBearerDefaults.AuthenticationScheme)
    .AddJwtBearer(options =>
    {
        options.TokenValidationParameters = new TokenValidationParameters
        {
            ValidateIssuer = true,
            ValidateAudience = true,
            ValidateIssuerSigningKey = true,
            ValidIssuer = issuer,
            ValidAudience = audience,
            IssuerSigningKey = new SymmetricSecurityKey(Encoding.UTF8.GetBytes(jwtKey))
        };
    });

// CORS
builder.Services.AddCors(o => o.AddDefaultPolicy(p =>
    p.AllowAnyOrigin().AllowAnyHeader().AllowAnyMethod()));

// YARP
builder.Services.AddReverseProxy()
    .LoadFromConfig(builder.Configuration.GetSection(""ReverseProxy""))
    .AddServiceDiscoveryDestinationResolver();

builder.Services.AddEndpointsApiExplorer();
builder.Services.AddSwaggerGen();

var app = builder.Build();

if (app.Environment.IsDevelopment())
{
    app.UseSwagger();
    app.UseSwaggerUI();
}

app.UseCors();

// ✅ 1) نفعّل الـ JWT في الـ Gateway
app.UseAuthentication();

// ✅ 2) Middleware يقرأ الـ userId من الـ JWT ويحقنه كـ X-UserId
app.Use(async (context, next) =>
{
    Console.WriteLine($""🔍 Gateway: Path={context.Request.Path}, IsAuthenticated={context.User?.Identity?.IsAuthenticated}"");
    
    // إذا المستخدم مصادق عليه (عبر JWT Authentication Middleware)
    if (context.User?.Identity?.IsAuthenticated == true)
    {
        var userId = context.User.FindFirst(ClaimTypes.NameIdentifier)?.Value;
        if (!string.IsNullOrEmpty(userId))
        {
            Console.WriteLine($""✅ Gateway: Found userId from authenticated user: {userId}"");
            context.Request.Headers[""X-UserId""] = userId;
        }
    }
    else
    {
        // إذا لم يكن authenticated، نحاول قراءة التوكن يدوياً من الـ Authorization header
        var authHeader = context.Request.Headers[""Authorization""].FirstOrDefault();
        Console.WriteLine($""🔑 Gateway: Authorization header = {(authHeader != null ? ""Present"" : ""Missing"")}"");
        
        if (!string.IsNullOrEmpty(authHeader) && authHeader.StartsWith(""Bearer "", StringComparison.OrdinalIgnoreCase))
        {
            var token = authHeader.Substring(""Bearer "".Length).Trim();
            
            try
            {
                var handler = new System.IdentityModel.Tokens.Jwt.JwtSecurityTokenHandler();
                var jwtToken = handler.ReadJwtToken(token);
                
                // نستخرج الـ userId من الـ claims - نحاول كل الأنواع الممكنة
                var userId = jwtToken.Claims.FirstOrDefault(c => 
                    c.Type == ClaimTypes.NameIdentifier || 
                    c.Type == ""sub"" || 
                    c.Type == ""userId"" ||
                    c.Type == ""nameid"")?.Value;
                
                if (!string.IsNullOrEmpty(userId))
                {
                    Console.WriteLine($""✅ Gateway: Extracted userId from JWT: {userId}"");
                    context.Request.Headers[""X-UserId""] = userId;
                }
                else
                {
                    Console.WriteLine($""⚠️ Gateway: Could not find userId in JWT claims. Available claims:"");
                    foreach (var claim in jwtToken.Claims)
                    {
                        Console.WriteLine($""   - {claim.Type} = {claim.Value}"");
                    }
                }
            }
            catch (Exception ex)
            {
                Console.WriteLine($""❌ Gateway: Failed to parse JWT: {ex.Message}"");
            }
        }
    }

    await next();
});

app.UseAuthorization();

// ✅ 3) YARP Gateway
app.MapReverseProxy();

app.MapDefaultEndpoints();

app.Run();
"
"Debug","C:\Users\Amjad\source\repos\DentalClinic\NotificationService.API\bin\Debug\net10.0\appsettings.Development.json","appsettings.Development.json",".json","{
  ""Logging"": {
    ""LogLevel"": {
      ""Default"": ""Information"",
      ""Microsoft.AspNetCore"": ""Warning""
    }
  }
}
"
"Debug","C:\Users\Amjad\source\repos\DentalClinic\NotificationService.API\bin\Debug\net10.0\appsettings.json","appsettings.json",".json","{
  ""Logging"": {
    ""LogLevel"": {
      ""Default"": ""Information"",
      ""Microsoft.AspNetCore"": ""Warning""
    }
  },
  ""AllowedHosts"": ""*""
}
"
"NotificationService.API","C:\Users\Amjad\source\repos\DentalClinic\NotificationService.API\Controllers\NotificationsController.cs","NotificationsController.cs",".cs","using Dapr;
using Microsoft.AspNetCore.Mvc;
using DentalClinic.SharedKernel.DomainEvents;

namespace NotificationService.API.Controllers;

[ApiController]
[Route(""/"")]
public class NotificationsController : ControllerBase
{
    private readonly ILogger<NotificationsController> _logger;

    public NotificationsController(ILogger<NotificationsController> logger)
    {
        _logger = logger;
    }

    [HttpPost(""appointments/confirmed/notify"")]
    [Topic(""pubsub"", ""appointments.confirmed"")]
    public IActionResult OnAppointmentConfirmed([FromBody] AppointmentConfirmedEvent evt)
    {
        _logger.LogInformation(
            ""📩 [NotificationService] Appointment confirmed for PatientId={PatientId}, AppointmentId={AppointmentId}. Sending notification..."",
            evt.PatientId, evt.AppointmentId);

        return Ok(new { message = ""Notification processed by NotificationService"" });
    }
}
"
"Debug","C:\Users\Amjad\source\repos\DentalClinic\NotificationService.API\obj\Debug\net10.0\.NETCoreApp,Version=v10.0.AssemblyAttributes.cs",".NETCoreApp,Version=v10.0.AssemblyAttributes.cs",".cs","// <autogenerated />
using System;
using System.Reflection;
[assembly: global::System.Runtime.Versioning.TargetFrameworkAttribute("".NETCoreApp,Version=v10.0"", FrameworkDisplayName = "".NET 10.0"")]
"
"Debug","C:\Users\Amjad\source\repos\DentalClinic\NotificationService.API\obj\Debug\net10.0\NotificationService.API.AssemblyInfo.cs","NotificationService.API.AssemblyInfo.cs",".cs","//------------------------------------------------------------------------------
// <auto-generated>
//     This code was generated by a tool.
//     Runtime Version:4.0.30319.42000
//
//     Changes to this file may cause incorrect behavior and will be lost if
//     the code is regenerated.
// </auto-generated>
//------------------------------------------------------------------------------

using System;
using System.Reflection;

[assembly: System.Reflection.AssemblyCompanyAttribute(""NotificationService.API"")]
[assembly: System.Reflection.AssemblyConfigurationAttribute(""Debug"")]
[assembly: System.Reflection.AssemblyFileVersionAttribute(""1.0.0.0"")]
[assembly: System.Reflection.AssemblyInformationalVersionAttribute(""1.0.0"")]
[assembly: System.Reflection.AssemblyProductAttribute(""NotificationService.API"")]
[assembly: System.Reflection.AssemblyTitleAttribute(""NotificationService.API"")]
[assembly: System.Reflection.AssemblyVersionAttribute(""1.0.0.0"")]

// Generated by the MSBuild WriteCodeFragment class.

"
"Debug","C:\Users\Amjad\source\repos\DentalClinic\NotificationService.API\obj\Debug\net10.0\NotificationService.API.GlobalUsings.g.cs","NotificationService.API.GlobalUsings.g.cs",".cs","// <auto-generated/>
global using Microsoft.AspNetCore.Builder;
global using Microsoft.AspNetCore.Hosting;
global using Microsoft.AspNetCore.Http;
global using Microsoft.AspNetCore.Routing;
global using Microsoft.Extensions.Configuration;
global using Microsoft.Extensions.DependencyInjection;
global using Microsoft.Extensions.Hosting;
global using Microsoft.Extensions.Logging;
global using System;
global using System.Collections.Generic;
global using System.IO;
global using System.Linq;
global using System.Net.Http;
global using System.Net.Http.Json;
global using System.Threading;
global using System.Threading.Tasks;
"
"Debug","C:\Users\Amjad\source\repos\DentalClinic\NotificationService.API\obj\Debug\net10.0\NotificationService.API.MvcApplicationPartsAssemblyInfo.cs","NotificationService.API.MvcApplicationPartsAssemblyInfo.cs",".cs","//------------------------------------------------------------------------------
// <auto-generated>
//     This code was generated by a tool.
//     Runtime Version:4.0.30319.42000
//
//     Changes to this file may cause incorrect behavior and will be lost if
//     the code is regenerated.
// </auto-generated>
//------------------------------------------------------------------------------

using System;
using System.Reflection;

[assembly: Microsoft.AspNetCore.Mvc.ApplicationParts.ApplicationPartAttribute(""Dapr.AspNetCore"")]
[assembly: Microsoft.AspNetCore.Mvc.ApplicationParts.ApplicationPartAttribute(""Microsoft.AspNetCore.OpenApi"")]
[assembly: Microsoft.AspNetCore.Mvc.ApplicationParts.ApplicationPartAttribute(""Swashbuckle.AspNetCore.SwaggerGen"")]

// Generated by the MSBuild WriteCodeFragment class.

"
"NotificationService.API","C:\Users\Amjad\source\repos\DentalClinic\NotificationService.API\Properties\launchSettings.json","launchSettings.json",".json","{
  ""$schema"": ""https://json.schemastore.org/launchsettings.json"",
  ""profiles"": {
    ""http"": {
      ""commandName"": ""Project"",
      ""dotnetRunMessages"": true,
      ""launchBrowser"": false,
      ""applicationUrl"": ""http://localhost:5292"",
      ""environmentVariables"": {
        ""ASPNETCORE_ENVIRONMENT"": ""Development""
      }
    },
    ""https"": {
      ""commandName"": ""Project"",
      ""dotnetRunMessages"": true,
      ""launchBrowser"": false,
      ""applicationUrl"": ""https://localhost:7280;http://localhost:5292"",
      ""environmentVariables"": {
        ""ASPNETCORE_ENVIRONMENT"": ""Development""
      }
    }
  }
}
"
"NotificationService.API","C:\Users\Amjad\source\repos\DentalClinic\NotificationService.API\appsettings.Development.json","appsettings.Development.json",".json","{
  ""Logging"": {
    ""LogLevel"": {
      ""Default"": ""Information"",
      ""Microsoft.AspNetCore"": ""Warning""
    }
  }
}
"
"NotificationService.API","C:\Users\Amjad\source\repos\DentalClinic\NotificationService.API\appsettings.json","appsettings.json",".json","{
  ""Logging"": {
    ""LogLevel"": {
      ""Default"": ""Information"",
      ""Microsoft.AspNetCore"": ""Warning""
    }
  },
  ""AllowedHosts"": ""*""
}
"
"NotificationService.API","C:\Users\Amjad\source\repos\DentalClinic\NotificationService.API\NotificationService.API.csproj","NotificationService.API.csproj",".csproj","<Project Sdk=""Microsoft.NET.Sdk.Web"">

  <PropertyGroup>
    <TargetFramework>net10.0</TargetFramework>
    <Nullable>enable</Nullable>
    <ImplicitUsings>enable</ImplicitUsings>
  </PropertyGroup>

	<ItemGroup>
		<PackageReference Include=""Dapr.AspNetCore"" Version=""1.16.1"" />
		<PackageReference Include=""Dapr.Client"" Version=""1.16.1"" />
		<PackageReference Include=""Swashbuckle.AspNetCore"" Version=""10.0.1"" />
		<PackageReference Include=""Microsoft.AspNetCore.OpenApi"" Version=""10.0.0"" />
	</ItemGroup>


	<ItemGroup>
    <ProjectReference Include=""..\DentalClinic.ServiceDefaults\DentalClinic.ServiceDefaults.csproj"" />
    <ProjectReference Include=""..\shared\DentalClinic.SharedKernel\DentalClinic.SharedKernel.csproj"" />
  </ItemGroup>

</Project>
"
"NotificationService.API","C:\Users\Amjad\source\repos\DentalClinic\NotificationService.API\Program.cs","Program.cs",".cs","using Dapr.Client;
using Dapr;

var builder = WebApplication.CreateBuilder(args);

builder.AddServiceDefaults();

builder.Services.AddDaprClient();
builder.Services.AddControllers().AddDapr();
builder.Services.AddEndpointsApiExplorer();
builder.Services.AddSwaggerGen();

var app = builder.Build();

if (app.Environment.IsDevelopment())
{
    app.UseSwagger();
    app.UseSwaggerUI();
}

app.UseCloudEvents();
app.MapSubscribeHandler();
app.MapControllers();

app.MapDefaultEndpoints();
app.Run();
"
"Debug","C:\Users\Amjad\source\repos\DentalClinic\OrchestratorService\bin\Debug\net10.0\appsettings.Development.json","appsettings.Development.json",".json","{
  ""Logging"": {
    ""LogLevel"": {
      ""Default"": ""Information"",
      ""Microsoft.AspNetCore"": ""Warning""
    }
  }
}
"
"Debug","C:\Users\Amjad\source\repos\DentalClinic\OrchestratorService\bin\Debug\net10.0\appsettings.json","appsettings.json",".json","{
  ""Logging"": {
    ""LogLevel"": {
      ""Default"": ""Information"",
      ""Microsoft.AspNetCore"": ""Warning""
    }
  },
  ""AllowedHosts"": ""*""
}
"
"Debug","C:\Users\Amjad\source\repos\DentalClinic\OrchestratorService\obj\Debug\net10.0\.NETCoreApp,Version=v10.0.AssemblyAttributes.cs",".NETCoreApp,Version=v10.0.AssemblyAttributes.cs",".cs","// <autogenerated />
using System;
using System.Reflection;
[assembly: global::System.Runtime.Versioning.TargetFrameworkAttribute("".NETCoreApp,Version=v10.0"", FrameworkDisplayName = "".NET 10.0"")]
"
"Debug","C:\Users\Amjad\source\repos\DentalClinic\OrchestratorService\obj\Debug\net10.0\OrchestratorService.AssemblyInfo.cs","OrchestratorService.AssemblyInfo.cs",".cs","//------------------------------------------------------------------------------
// <auto-generated>
//     This code was generated by a tool.
//     Runtime Version:4.0.30319.42000
//
//     Changes to this file may cause incorrect behavior and will be lost if
//     the code is regenerated.
// </auto-generated>
//------------------------------------------------------------------------------

using System;
using System.Reflection;

[assembly: System.Reflection.AssemblyCompanyAttribute(""OrchestratorService"")]
[assembly: System.Reflection.AssemblyConfigurationAttribute(""Debug"")]
[assembly: System.Reflection.AssemblyFileVersionAttribute(""1.0.0.0"")]
[assembly: System.Reflection.AssemblyInformationalVersionAttribute(""1.0.0"")]
[assembly: System.Reflection.AssemblyProductAttribute(""OrchestratorService"")]
[assembly: System.Reflection.AssemblyTitleAttribute(""OrchestratorService"")]
[assembly: System.Reflection.AssemblyVersionAttribute(""1.0.0.0"")]

// Generated by the MSBuild WriteCodeFragment class.

"
"Debug","C:\Users\Amjad\source\repos\DentalClinic\OrchestratorService\obj\Debug\net10.0\OrchestratorService.GlobalUsings.g.cs","OrchestratorService.GlobalUsings.g.cs",".cs","// <auto-generated/>
global using Microsoft.AspNetCore.Builder;
global using Microsoft.AspNetCore.Hosting;
global using Microsoft.AspNetCore.Http;
global using Microsoft.AspNetCore.Routing;
global using Microsoft.Extensions.Configuration;
global using Microsoft.Extensions.DependencyInjection;
global using Microsoft.Extensions.Hosting;
global using Microsoft.Extensions.Logging;
global using System;
global using System.Collections.Generic;
global using System.IO;
global using System.Linq;
global using System.Net.Http;
global using System.Net.Http.Json;
global using System.Threading;
global using System.Threading.Tasks;
"
"Debug","C:\Users\Amjad\source\repos\DentalClinic\OrchestratorService\obj\Debug\net10.0\OrchestratorService.MvcApplicationPartsAssemblyInfo.cs","OrchestratorService.MvcApplicationPartsAssemblyInfo.cs",".cs","//------------------------------------------------------------------------------
// <auto-generated>
//     This code was generated by a tool.
//     Runtime Version:4.0.30319.42000
//
//     Changes to this file may cause incorrect behavior and will be lost if
//     the code is regenerated.
// </auto-generated>
//------------------------------------------------------------------------------

using System;
using System.Reflection;

[assembly: Microsoft.AspNetCore.Mvc.ApplicationParts.ApplicationPartAttribute(""Dapr.AspNetCore"")]
[assembly: Microsoft.AspNetCore.Mvc.ApplicationParts.ApplicationPartAttribute(""Dapr.Workflow"")]
[assembly: Microsoft.AspNetCore.Mvc.ApplicationParts.ApplicationPartAttribute(""Microsoft.AspNetCore.OpenApi"")]
[assembly: Microsoft.AspNetCore.Mvc.ApplicationParts.ApplicationPartAttribute(""Swashbuckle.AspNetCore.SwaggerGen"")]

// Generated by the MSBuild WriteCodeFragment class.

"
"OrchestratorService","C:\Users\Amjad\source\repos\DentalClinic\OrchestratorService\Properties\launchSettings.json","launchSettings.json",".json","{
  ""$schema"": ""https://json.schemastore.org/launchsettings.json"",
  ""profiles"": {
    ""http"": {
      ""commandName"": ""Project"",
      ""dotnetRunMessages"": true,
      ""launchBrowser"": false,
      ""applicationUrl"": ""http://localhost:5022"",
      ""environmentVariables"": {
        ""ASPNETCORE_ENVIRONMENT"": ""Development""
      }
    },
    ""https"": {
      ""commandName"": ""Project"",
      ""dotnetRunMessages"": true,
      ""launchBrowser"": false,
      ""applicationUrl"": ""https://localhost:7013;http://localhost:5022"",
      ""environmentVariables"": {
        ""ASPNETCORE_ENVIRONMENT"": ""Development""
      }
    }
  }
}
"
"DentalClinic","C:\Users\Amjad\source\repos\DentalClinic\OrchestratorService\appsettings.Development.json","appsettings.Development.json",".json","{
  ""Logging"": {
    ""LogLevel"": {
      ""Default"": ""Information"",
      ""Microsoft.AspNetCore"": ""Warning""
    }
  }
}
"
"DentalClinic","C:\Users\Amjad\source\repos\DentalClinic\OrchestratorService\appsettings.json","appsettings.json",".json","{
  ""Logging"": {
    ""LogLevel"": {
      ""Default"": ""Information"",
      ""Microsoft.AspNetCore"": ""Warning""
    }
  },
  ""AllowedHosts"": ""*""
}
"
"DentalClinic","C:\Users\Amjad\source\repos\DentalClinic\OrchestratorService\OrchestratorService.csproj","OrchestratorService.csproj",".csproj","<Project Sdk=""Microsoft.NET.Sdk.Web"">

  <PropertyGroup>
    <TargetFramework>net10.0</TargetFramework>
    <Nullable>enable</Nullable>
    <ImplicitUsings>enable</ImplicitUsings>
  </PropertyGroup>

  <ItemGroup>
    <PackageReference Include=""Dapr.Client"" Version=""1.16.1"" />
    <PackageReference Include=""Dapr.Workflow"" Version=""1.16.1"" />
	  <PackageReference Include=""Swashbuckle.AspNetCore"" Version=""10.0.1"" />
	  <PackageReference Include=""Microsoft.AspNetCore.OpenApi"" Version=""10.0.0"" />
  </ItemGroup>

  <ItemGroup>
    <ProjectReference Include=""..\DentalClinic.ServiceDefaults\DentalClinic.ServiceDefaults.csproj"" />
  </ItemGroup>

</Project>
"
"DentalClinic","C:\Users\Amjad\source\repos\DentalClinic\OrchestratorService\Program.cs","Program.cs",".cs","using Dapr.Client;
using Dapr.Workflow;

var builder = WebApplication.CreateBuilder(args);

builder.AddServiceDefaults();  // Aspire telemetry, health, service discovery

// إضافة Dapr client + Workflow
builder.Services.AddDaprClient();
builder.Services.AddDaprWorkflow(opts =>
{
    opts.RegisterWorkflow<AppointmentWorkflow>();
    opts.RegisterActivity<ReserveAppointmentActivity>();
    opts.RegisterActivity<ProcessPaymentActivity>();
    opts.RegisterActivity<SendNotificationActivity>();

});

builder.Services.AddEndpointsApiExplorer();
builder.Services.AddSwaggerGen();

var app = builder.Build();

if (app.Environment.IsDevelopment())
{
    app.UseSwagger();
    app.UseSwaggerUI();
}


// API لبدء workflow والتحقق من الحالة
app.MapPost(""appointment/start"", async (AppointmentInput input, DaprWorkflowClient wf, ILogger<Program> logger) =>
{
    logger.LogInformation(""Starting appointment workflow for {PatientName} on {Date}"", input.PatientName, input.Date);
    var instanceId = Guid.NewGuid().ToString(""N"");
    await wf.ScheduleNewWorkflowAsync(nameof(AppointmentWorkflow), instanceId, input);
    return Results.Ok(new { instanceId });
});

app.MapGet(""appointment/status/{id}"", async (string id, DaprWorkflowClient wf) =>
{
    var state = await wf.GetWorkflowStateAsync(id);
    return Results.Ok(state);
});

app.MapDefaultEndpoints();
app.Run();


// ---------- Workflow + Activities ----------

public class AppointmentWorkflow : Workflow<AppointmentInput, AppointmentResult>
{
    public override async Task<AppointmentResult> RunAsync(WorkflowContext ctx, AppointmentInput input)
    {
        // 1️⃣ الحجز
        var booking = await ctx.CallActivityAsync<BookingResult>(nameof(ReserveAppointmentActivity), input);
        if (!booking.Success)
            return new AppointmentResult(false, $""Booking failed: {booking.Message}"");

        // 2️⃣ الدفع
        var payment = await ctx.CallActivityAsync<PaymentResult>(nameof(ProcessPaymentActivity), input);
        if (!payment.Success)
            return new AppointmentResult(false, $""Payment failed: {payment.Message}"");

        // 3️⃣ الإشعار
        var notify = await ctx.CallActivityAsync<NotificationResult>(nameof(SendNotificationActivity), input);
        if (!notify.Success)
            return new AppointmentResult(false, $""Notification failed: {notify.Message}"");

        return new AppointmentResult(true, ""Appointment booked, payment processed, and notification sent!"");
    }
}



// 🦷 النشاط الأول: ReserveAppointmentActivity
public class ReserveAppointmentActivity : WorkflowActivity<AppointmentInput, BookingResult>
{
    private readonly DaprClient _dapr;
    private readonly ILogger<ReserveAppointmentActivity> _logger;

    public ReserveAppointmentActivity(DaprClient dapr, ILogger<ReserveAppointmentActivity> logger)
    {
        _dapr = dapr;
        _logger = logger;
    }

    public override async Task<BookingResult> RunAsync(WorkflowActivityContext ctx, AppointmentInput input)
    {
        _logger.LogInformation(""Calling BookingService from Orchestrator..."");

        var http = DaprClient.CreateInvokeHttpClient(""bookingservice"");
        var resp = await http.PostAsJsonAsync(""/reserve"", new
        {
            input.PatientName,
            input.Date,
            input.NumberOfAppointmentsToday
        });

        resp.EnsureSuccessStatusCode();
        return await resp.Content.ReadFromJsonAsync<BookingResult>() ?? new(false, ""No response"");
    }
}


// 💳 النشاط الثاني: ProcessPaymentActivity
public class ProcessPaymentActivity : WorkflowActivity<AppointmentInput, PaymentResult>
{
    private readonly DaprClient _dapr;
    private readonly ILogger<ProcessPaymentActivity> _logger;

    public ProcessPaymentActivity(DaprClient dapr, ILogger<ProcessPaymentActivity> logger)
    {
        _dapr = dapr;
        _logger = logger;
    }

    public override async Task<PaymentResult> RunAsync(WorkflowActivityContext ctx, AppointmentInput input)
    {
        _logger.LogInformation(""Calling PaymentService from Orchestrator..."");

        var http = DaprClient.CreateInvokeHttpClient(""paymentservice"");
        var resp = await http.PostAsJsonAsync(""/charge"", new
        {
            input.PatientName,
            input.Amount
        });

        resp.EnsureSuccessStatusCode();
        return await resp.Content.ReadFromJsonAsync<PaymentResult>() ?? new(false, ""No response"");
    }
}

// 📩 النشاط الثالث: SendNotificationActivity
public class SendNotificationActivity : WorkflowActivity<AppointmentInput, NotificationResult>
{
    private readonly ILogger<SendNotificationActivity> _logger;

    public SendNotificationActivity(ILogger<SendNotificationActivity> logger)
    {
        _logger = logger;
    }

    public override async Task<NotificationResult> RunAsync(WorkflowActivityContext ctx, AppointmentInput input)
    {
        _logger.LogInformation(""Sending notification to {PatientName}..."", input.PatientName);

        // منطق تجريبي (يمكن لاحقًا ربطه بخدمة خارجية)
        await Task.Delay(1000); // محاكاة تأخير إرسال إشعار
        _logger.LogInformation(""Notification sent successfully to {PatientName}"", input.PatientName);

        return new NotificationResult(true, $""Notification sent to {input.PatientName}"");
    }
}

public record NotificationResult(bool Success, string Message);

// Shared DTOs
public record AppointmentInput(string PatientName, DateOnly Date, int NumberOfAppointmentsToday, decimal Amount);
public record BookingResult(bool Success, string Message);
public record PaymentResult(bool Success, string Message);
public record AppointmentResult(bool Success, string Message);
"
"Debug","C:\Users\Amjad\source\repos\DentalClinic\PatientService.API\bin\Debug\net10.0\appsettings.Development.json","appsettings.Development.json",".json","{
  ""Logging"": {
    ""LogLevel"": {
      ""Default"": ""Information"",
      ""Microsoft.AspNetCore"": ""Warning""
    }
  }
}
"
"Debug","C:\Users\Amjad\source\repos\DentalClinic\PatientService.API\bin\Debug\net10.0\appsettings.json","appsettings.json",".json","{
  ""Logging"": {
    ""LogLevel"": {
      ""Default"": ""Information"",
      ""Microsoft.AspNetCore"": ""Warning""
    }
  },
  ""AllowedHosts"": ""*""
}
"
"PatientService.API","C:\Users\Amjad\source\repos\DentalClinic\PatientService.API\Controllers\PatientsController.cs","PatientsController.cs",".cs","using Microsoft.AspNetCore.Authorization;
using Microsoft.AspNetCore.Mvc;
using Microsoft.EntityFrameworkCore;
using PatientService.API.Models;

namespace PatientService.API.Controllers;

[ApiController]
[Route(""api/[controller]"")]
public class PatientsController : ControllerBase
{
    private readonly PatientDbContext _db;

    public PatientsController(PatientDbContext db)
    {
        _db = db;
    }

    // 🔓 يمكن لأي مستخدم مسجّل رؤية القائمة
    [Authorize]
    [HttpGet]
    public async Task<ActionResult<IEnumerable<Patient>>> GetAll()
        => await _db.Patients.ToListAsync();

    [Authorize]
    [HttpGet(""{id}"")]
    public async Task<ActionResult<Patient>> GetById(Guid id)
    {
        var patient = await _db.Patients.FindAsync(id);
        if (patient is null) return NotFound();
        return patient;
    }

    // 🔒 فقط Admin يمكنه إنشاء/تعديل/حذف
    [Authorize(Roles = ""Admin"")]
    [HttpPost]
    public async Task<ActionResult<Patient>> Create(Patient input)
    {
        var patient = new Patient
        {
            FullName = input.FullName,
            Email = input.Email,
            Phone = input.Phone,
            DateOfBirth = input.DateOfBirth
        };

        _db.Patients.Add(patient);
        await _db.SaveChangesAsync();
        return CreatedAtAction(nameof(GetById), new { id = patient.Id }, patient);
    }

    [Authorize(Roles = ""Admin"")]
    [HttpPut(""{id}"")]
    public async Task<IActionResult> Update(Guid id, Patient input)
    {
        var patient = await _db.Patients.FindAsync(id);
        if (patient is null) return NotFound();

        patient.FullName = input.FullName;
        patient.Email = input.Email;
        patient.Phone = input.Phone;
        patient.DateOfBirth = input.DateOfBirth;

        await _db.SaveChangesAsync();
        return NoContent();
    }

    [Authorize(Roles = ""Admin"")]
    [HttpDelete(""{id}"")]
    public async Task<IActionResult> Delete(Guid id)
    {
        var patient = await _db.Patients.FindAsync(id);
        if (patient is null) return NotFound();

        _db.Patients.Remove(patient);
        await _db.SaveChangesAsync();
        return NoContent();
    }
}
"
"PatientService.API","C:\Users\Amjad\source\repos\DentalClinic\PatientService.API\Models\Patient.cs","Patient.cs",".cs","namespace PatientService.API.Models
{
    public class Patient
    {
        public Guid Id { get; set; } = Guid.NewGuid();
        public string FullName { get; set; } = default!;
        public string? Email { get; set; }
        public string? Phone { get; set; }
        public DateOnly? DateOfBirth { get; set; }
    }
}
"
"PatientService.API","C:\Users\Amjad\source\repos\DentalClinic\PatientService.API\Models\PatientDbContext.cs","PatientDbContext.cs",".cs","using Microsoft.EntityFrameworkCore;

namespace PatientService.API.Models;

public class PatientDbContext : DbContext
{
    public PatientDbContext(DbContextOptions<PatientDbContext> options)
        : base(options)
    {
    }

    public DbSet<Patient> Patients => Set<Patient>();
}
"
"Debug","C:\Users\Amjad\source\repos\DentalClinic\PatientService.API\obj\Debug\net10.0\.NETCoreApp,Version=v10.0.AssemblyAttributes.cs",".NETCoreApp,Version=v10.0.AssemblyAttributes.cs",".cs","// <autogenerated />
using System;
using System.Reflection;
[assembly: global::System.Runtime.Versioning.TargetFrameworkAttribute("".NETCoreApp,Version=v10.0"", FrameworkDisplayName = "".NET 10.0"")]
"
"Debug","C:\Users\Amjad\source\repos\DentalClinic\PatientService.API\obj\Debug\net10.0\PatientService.API.AssemblyInfo.cs","PatientService.API.AssemblyInfo.cs",".cs","//------------------------------------------------------------------------------
// <auto-generated>
//     This code was generated by a tool.
//     Runtime Version:4.0.30319.42000
//
//     Changes to this file may cause incorrect behavior and will be lost if
//     the code is regenerated.
// </auto-generated>
//------------------------------------------------------------------------------

using System;
using System.Reflection;

[assembly: System.Reflection.AssemblyCompanyAttribute(""PatientService.API"")]
[assembly: System.Reflection.AssemblyConfigurationAttribute(""Debug"")]
[assembly: System.Reflection.AssemblyFileVersionAttribute(""1.0.0.0"")]
[assembly: System.Reflection.AssemblyInformationalVersionAttribute(""1.0.0"")]
[assembly: System.Reflection.AssemblyProductAttribute(""PatientService.API"")]
[assembly: System.Reflection.AssemblyTitleAttribute(""PatientService.API"")]
[assembly: System.Reflection.AssemblyVersionAttribute(""1.0.0.0"")]

// Generated by the MSBuild WriteCodeFragment class.

"
"Debug","C:\Users\Amjad\source\repos\DentalClinic\PatientService.API\obj\Debug\net10.0\PatientService.API.GlobalUsings.g.cs","PatientService.API.GlobalUsings.g.cs",".cs","// <auto-generated/>
global using Microsoft.AspNetCore.Builder;
global using Microsoft.AspNetCore.Hosting;
global using Microsoft.AspNetCore.Http;
global using Microsoft.AspNetCore.Routing;
global using Microsoft.Extensions.Configuration;
global using Microsoft.Extensions.DependencyInjection;
global using Microsoft.Extensions.Hosting;
global using Microsoft.Extensions.Logging;
global using System;
global using System.Collections.Generic;
global using System.IO;
global using System.Linq;
global using System.Net.Http;
global using System.Net.Http.Json;
global using System.Threading;
global using System.Threading.Tasks;
"
"Debug","C:\Users\Amjad\source\repos\DentalClinic\PatientService.API\obj\Debug\net10.0\PatientService.API.MvcApplicationPartsAssemblyInfo.cs","PatientService.API.MvcApplicationPartsAssemblyInfo.cs",".cs","//------------------------------------------------------------------------------
// <auto-generated>
//     This code was generated by a tool.
//     Runtime Version:4.0.30319.42000
//
//     Changes to this file may cause incorrect behavior and will be lost if
//     the code is regenerated.
// </auto-generated>
//------------------------------------------------------------------------------

using System;
using System.Reflection;

[assembly: Microsoft.AspNetCore.Mvc.ApplicationParts.ApplicationPartAttribute(""Microsoft.AspNetCore.OpenApi"")]
[assembly: Microsoft.AspNetCore.Mvc.ApplicationParts.ApplicationPartAttribute(""Swashbuckle.AspNetCore.SwaggerGen"")]

// Generated by the MSBuild WriteCodeFragment class.

"
"PatientService.API","C:\Users\Amjad\source\repos\DentalClinic\PatientService.API\Properties\launchSettings.json","launchSettings.json",".json","{
  ""$schema"": ""https://json.schemastore.org/launchsettings.json"",
  ""profiles"": {
    ""http"": {
      ""commandName"": ""Project"",
      ""dotnetRunMessages"": true,
      ""launchBrowser"": false,
      ""applicationUrl"": ""http://localhost:5272"",
      ""environmentVariables"": {
        ""ASPNETCORE_ENVIRONMENT"": ""Development""
      }
    },
    ""https"": {
      ""commandName"": ""Project"",
      ""dotnetRunMessages"": true,
      ""launchBrowser"": false,
      ""applicationUrl"": ""https://localhost:7206;http://localhost:5272"",
      ""environmentVariables"": {
        ""ASPNETCORE_ENVIRONMENT"": ""Development""
      }
    }
  }
}
"
"PatientService.API","C:\Users\Amjad\source\repos\DentalClinic\PatientService.API\appsettings.Development.json","appsettings.Development.json",".json","{
  ""Logging"": {
    ""LogLevel"": {
      ""Default"": ""Information"",
      ""Microsoft.AspNetCore"": ""Warning""
    }
  }
}
"
"PatientService.API","C:\Users\Amjad\source\repos\DentalClinic\PatientService.API\appsettings.json","appsettings.json",".json","{
  ""Logging"": {
    ""LogLevel"": {
      ""Default"": ""Information"",
      ""Microsoft.AspNetCore"": ""Warning""
    }
  },
  ""AllowedHosts"": ""*""
}
"
"PatientService.API","C:\Users\Amjad\source\repos\DentalClinic\PatientService.API\PatientService.API.csproj","PatientService.API.csproj",".csproj","<Project Sdk=""Microsoft.NET.Sdk.Web"">

  <PropertyGroup>
    <TargetFramework>net10.0</TargetFramework>
    <Nullable>enable</Nullable>
    <ImplicitUsings>enable</ImplicitUsings>
  </PropertyGroup>

	<ItemGroup>
		<PackageReference Include=""Microsoft.EntityFrameworkCore"" Version=""10.0.0"" />
		<PackageReference Include=""Microsoft.EntityFrameworkCore.Sqlite"" Version=""10.0.0"" />
		<PackageReference Include=""Microsoft.EntityFrameworkCore.Design"" Version=""10.0.0"" />
		<PackageReference Include=""Microsoft.AspNetCore.Authentication.JwtBearer"" Version=""10.0.0"" />
		<PackageReference Include=""System.IdentityModel.Tokens.Jwt"" Version=""8.14.0"" />
		<PackageReference Include=""Swashbuckle.AspNetCore"" Version=""10.0.1"" />
		<PackageReference Include=""Microsoft.AspNetCore.OpenApi"" Version=""10.0.0"" />
	</ItemGroup>

  <ItemGroup>
    <ProjectReference Include=""..\DentalClinic.ServiceDefaults\DentalClinic.ServiceDefaults.csproj"" />
  </ItemGroup>

</Project>
"
"PatientService.API","C:\Users\Amjad\source\repos\DentalClinic\PatientService.API\Program.cs","Program.cs",".cs","using System.Text;
using Microsoft.AspNetCore.Authentication.JwtBearer;
using Microsoft.EntityFrameworkCore;
using Microsoft.IdentityModel.Tokens;
using PatientService.API.Models;

var builder = WebApplication.CreateBuilder(args);

builder.AddServiceDefaults(); // مثل باقي الخدمات

// EF Core + SQLite
builder.Services.AddDbContext<PatientDbContext>(options =>
    options.UseSqlite(""Data Source=PatientService.db""));

// JWT Settings (نفس AuthService/Gateway/Booking/Payment)
var jwtKey = ""this_is_my_super_secret_key_12345"";
var issuer = ""DentalClinicAuth"";
var audience = ""DentalClinicServices"";

builder.Services.AddAuthentication(JwtBearerDefaults.AuthenticationScheme)
    .AddJwtBearer(options =>
    {
        options.TokenValidationParameters = new()
        {
            ValidateIssuer = true,
            ValidateAudience = true,
            ValidateIssuerSigningKey = true,
            ValidIssuer = issuer,
            ValidAudience = audience,
            IssuerSigningKey = new SymmetricSecurityKey(Encoding.UTF8.GetBytes(jwtKey))
        };
    });

builder.Services.AddAuthorization();

builder.Services.AddControllers();
builder.Services.AddEndpointsApiExplorer();
builder.Services.AddSwaggerGen();

var app = builder.Build();

// إنشاء DB
using (var scope = app.Services.CreateScope())
{
    var db = scope.ServiceProvider.GetRequiredService<PatientDbContext>();
    db.Database.EnsureCreated();
}

if (app.Environment.IsDevelopment())
{
    app.UseSwagger();
    app.UseSwaggerUI();
}

app.UseHttpsRedirection();

app.UseAuthentication();
app.UseAuthorization();

app.MapControllers();
app.MapDefaultEndpoints();

app.Run();
"
"Debug","C:\Users\Amjad\source\repos\DentalClinic\Payment\PaymentService.API\bin\Debug\net10.0\appsettings.Development.json","appsettings.Development.json",".json","{
  ""Logging"": {
    ""LogLevel"": {
      ""Default"": ""Information"",
      ""Microsoft.AspNetCore"": ""Warning""
    }
  }
}
"
"Debug","C:\Users\Amjad\source\repos\DentalClinic\Payment\PaymentService.API\bin\Debug\net10.0\appsettings.json","appsettings.json",".json","{
  ""Logging"": {
    ""LogLevel"": {
      ""Default"": ""Information"",
      ""Microsoft.AspNetCore"": ""Warning""
    }
  },
  ""AllowedHosts"": ""*""
}
"
"PaymentService.API","C:\Users\Amjad\source\repos\DentalClinic\Payment\PaymentService.API\Controllers\PaymentsController.cs","PaymentsController.cs",".cs","using Dapr;
using Dapr.Client;
using DentalClinic.SharedKernel.DomainEvents;
using Microsoft.AspNetCore.Authorization;
using Microsoft.AspNetCore.Mvc;
using PaymentService.Application;
using PaymentService.Domain.Entities;

namespace PaymentService.API.Controllers;

[ApiController]
[Route(""api/[controller]"")]
public class PaymentsController : ControllerBase
{
    private readonly PaymentApplicationService _service;

    public PaymentsController(PaymentApplicationService service)
    {
        _service = service;
    }

    // ✅ هذا يجب أن يكون مفتوح لدابر، بدون JWT
    [AllowAnonymous]
    [Topic(""pubsub"", ""appointments.confirmed"")]
    [HttpPost(""/appointments/confirmed"")]
    public async Task<IActionResult> OnAppointmentConfirmed([FromBody] AppointmentConfirmedEvent evt)
    {
        Console.WriteLine($""📥 Received event from BookingService: {evt.AppointmentId} for patient {evt.PatientId}"");
        await _service.HandleAppointmentConfirmed(evt);
        return Ok();
    }

    // 🔒 هذه محمية بـ Admin Role
    [Authorize(Roles = ""Admin"")]
    [HttpPost]
    public async Task<IActionResult> Create(Guid paymentId, Guid appointmentId, decimal total)
    {
        await _service.HandleCreate(paymentId, appointmentId, total);
        return Ok();
    }

    [Authorize(Roles = ""Admin"")]
    [HttpPut(""{id}/authorize"")]
    public async Task<IActionResult> Authorize(Guid id)
    {
        await _service.HandleAuthorize(id);
        return Ok();
    }

    [Authorize(Roles = ""Admin"")]
    [HttpPut(""{id}/capture"")]
    public async Task<IActionResult> Capture(Guid id)
    {
        await _service.HandleCapture(id);
        return Ok();
    }

    [Authorize(Roles = ""Admin"")]
    [HttpPut(""{id}/refund"")]
    public async Task<IActionResult> Refund(Guid id)
    {
        await _service.HandleRefund(id);
        return Ok();
    }
}
"
"PaymentService.API","C:\Users\Amjad\source\repos\DentalClinic\Payment\PaymentService.API\Controllers\WorkflowController.cs","WorkflowController.cs",".cs","using Microsoft.AspNetCore.Mvc;

namespace PaymentService.API.Controllers;

[ApiController]
[Route(""/"")]
public class WorkflowController : ControllerBase
{
    private readonly ILogger<WorkflowController> _logger;

    public WorkflowController(ILogger<WorkflowController> logger)
    {
        _logger = logger;
    }

    [HttpPost(""charge"")]
    public IActionResult Charge([FromBody] ChargeRequest request)
    {
        _logger.LogInformation(""Processing payment for {PatientName}, amount: {Amount}"", request.PatientName, request.Amount);

        if (request.Amount <= 0)
            return Ok(new PaymentResult(false, ""Invalid payment amount.""));

        // منطق تجريبي
        return Ok(new PaymentResult(true, $""Payment of {request.Amount} DKK completed.""));
    }
}

public record ChargeRequest(string PatientName, decimal Amount);
public record PaymentResult(bool Success, string Message);
"
"Debug","C:\Users\Amjad\source\repos\DentalClinic\Payment\PaymentService.API\obj\Debug\net10.0\.NETCoreApp,Version=v10.0.AssemblyAttributes.cs",".NETCoreApp,Version=v10.0.AssemblyAttributes.cs",".cs","// <autogenerated />
using System;
using System.Reflection;
[assembly: global::System.Runtime.Versioning.TargetFrameworkAttribute("".NETCoreApp,Version=v10.0"", FrameworkDisplayName = "".NET 10.0"")]
"
"Debug","C:\Users\Amjad\source\repos\DentalClinic\Payment\PaymentService.API\obj\Debug\net10.0\PaymentService.API.AssemblyInfo.cs","PaymentService.API.AssemblyInfo.cs",".cs","//------------------------------------------------------------------------------
// <auto-generated>
//     This code was generated by a tool.
//     Runtime Version:4.0.30319.42000
//
//     Changes to this file may cause incorrect behavior and will be lost if
//     the code is regenerated.
// </auto-generated>
//------------------------------------------------------------------------------

using System;
using System.Reflection;

[assembly: System.Reflection.AssemblyCompanyAttribute(""PaymentService.API"")]
[assembly: System.Reflection.AssemblyConfigurationAttribute(""Debug"")]
[assembly: System.Reflection.AssemblyFileVersionAttribute(""1.0.0.0"")]
[assembly: System.Reflection.AssemblyInformationalVersionAttribute(""1.0.0"")]
[assembly: System.Reflection.AssemblyProductAttribute(""PaymentService.API"")]
[assembly: System.Reflection.AssemblyTitleAttribute(""PaymentService.API"")]
[assembly: System.Reflection.AssemblyVersionAttribute(""1.0.0.0"")]

// Generated by the MSBuild WriteCodeFragment class.

"
"Debug","C:\Users\Amjad\source\repos\DentalClinic\Payment\PaymentService.API\obj\Debug\net10.0\PaymentService.API.GlobalUsings.g.cs","PaymentService.API.GlobalUsings.g.cs",".cs","// <auto-generated/>
global using Microsoft.AspNetCore.Builder;
global using Microsoft.AspNetCore.Hosting;
global using Microsoft.AspNetCore.Http;
global using Microsoft.AspNetCore.Routing;
global using Microsoft.Extensions.Configuration;
global using Microsoft.Extensions.DependencyInjection;
global using Microsoft.Extensions.Hosting;
global using Microsoft.Extensions.Logging;
global using System;
global using System.Collections.Generic;
global using System.IO;
global using System.Linq;
global using System.Net.Http;
global using System.Net.Http.Json;
global using System.Threading;
global using System.Threading.Tasks;
"
"Debug","C:\Users\Amjad\source\repos\DentalClinic\Payment\PaymentService.API\obj\Debug\net10.0\PaymentService.API.MvcApplicationPartsAssemblyInfo.cs","PaymentService.API.MvcApplicationPartsAssemblyInfo.cs",".cs","//------------------------------------------------------------------------------
// <auto-generated>
//     This code was generated by a tool.
//     Runtime Version:4.0.30319.42000
//
//     Changes to this file may cause incorrect behavior and will be lost if
//     the code is regenerated.
// </auto-generated>
//------------------------------------------------------------------------------

using System;
using System.Reflection;

[assembly: Microsoft.AspNetCore.Mvc.ApplicationParts.ApplicationPartAttribute(""Dapr.AspNetCore"")]
[assembly: Microsoft.AspNetCore.Mvc.ApplicationParts.ApplicationPartAttribute(""Dapr.Workflow"")]
[assembly: Microsoft.AspNetCore.Mvc.ApplicationParts.ApplicationPartAttribute(""Microsoft.AspNetCore.OpenApi"")]
[assembly: Microsoft.AspNetCore.Mvc.ApplicationParts.ApplicationPartAttribute(""Swashbuckle.AspNetCore.SwaggerGen"")]

// Generated by the MSBuild WriteCodeFragment class.

"
"PaymentService.API","C:\Users\Amjad\source\repos\DentalClinic\Payment\PaymentService.API\Properties\launchSettings.json","launchSettings.json",".json","{
  ""$schema"": ""https://json.schemastore.org/launchsettings.json"",
  ""profiles"": {
    ""http"": {
      ""commandName"": ""Project"",
      ""dotnetRunMessages"": true,
      ""launchBrowser"": false,
      ""applicationUrl"": ""http://localhost:5012"",
      ""environmentVariables"": {
        ""ASPNETCORE_ENVIRONMENT"": ""Development""
      }
    },
    ""https"": {
      ""commandName"": ""Project"",
      ""dotnetRunMessages"": true,
      ""launchBrowser"": false,
      ""applicationUrl"": ""https://localhost:7229;http://localhost:5012"",
      ""environmentVariables"": {
        ""ASPNETCORE_ENVIRONMENT"": ""Development""
      }
    }
  }
}
"
"PaymentService.API","C:\Users\Amjad\source\repos\DentalClinic\Payment\PaymentService.API\appsettings.Development.json","appsettings.Development.json",".json","{
  ""Logging"": {
    ""LogLevel"": {
      ""Default"": ""Information"",
      ""Microsoft.AspNetCore"": ""Warning""
    }
  }
}
"
"PaymentService.API","C:\Users\Amjad\source\repos\DentalClinic\Payment\PaymentService.API\appsettings.json","appsettings.json",".json","{
  ""Logging"": {
    ""LogLevel"": {
      ""Default"": ""Information"",
      ""Microsoft.AspNetCore"": ""Warning""
    }
  },
  ""AllowedHosts"": ""*""
}
"
"PaymentService.API","C:\Users\Amjad\source\repos\DentalClinic\Payment\PaymentService.API\PaymentService.API.csproj","PaymentService.API.csproj",".csproj","<Project Sdk=""Microsoft.NET.Sdk.Web"">

  <PropertyGroup>
    <TargetFramework>net10.0</TargetFramework>
    <Nullable>enable</Nullable>
    <ImplicitUsings>enable</ImplicitUsings>
  </PropertyGroup>

  <ItemGroup>
    <PackageReference Include=""Dapr.Workflow"" Version=""1.16.1"" />
    <PackageReference Include=""Microsoft.AspNetCore.OpenApi"" Version=""10.0.0"" />
    <PackageReference Include=""Swashbuckle.AspNetCore"" Version=""10.0.1"" />
	<PackageReference Include=""Dapr.AspNetCore"" Version=""1.16.1"" />
	<PackageReference Include=""Dapr.Client"" Version=""1.16.1"" />
	<PackageReference Include=""Microsoft.AspNetCore.Authentication.JwtBearer"" Version=""10.0.0"" />
	<PackageReference Include=""System.IdentityModel.Tokens.Jwt"" Version=""8.14.0"" />
  </ItemGroup>

  <ItemGroup>
    <ProjectReference Include=""..\PaymentService.Application\PaymentService.Application.csproj"" />
    <ProjectReference Include=""..\PaymentService.Infrastructure\PaymentService.Infrastructure.csproj"" />
  </ItemGroup>

</Project>
"
"PaymentService.API","C:\Users\Amjad\source\repos\DentalClinic\Payment\PaymentService.API\Program.cs","Program.cs",".cs","using Microsoft.EntityFrameworkCore;
using PaymentService.Application;
using PaymentService.Application.Interfaces;
using PaymentService.Infrastructure.Data;
using PaymentService.Infrastructure.Repositories;
using Microsoft.AspNetCore.Authentication.JwtBearer;
using Microsoft.IdentityModel.Tokens;
using System.Text;


var builder = WebApplication.CreateBuilder(args);

// ---------- SERVICES ----------
builder.Services.AddDbContext<PaymentDbContext>(options =>
    options.UseSqlite(""Data Source=PaymentService.db""));

builder.Services.AddScoped<IPaymentRepository, PaymentRepository>();
builder.Services.AddScoped<PaymentApplicationService>();

builder.Services.AddControllers();
builder.Services.AddEndpointsApiExplorer();
builder.Services.AddOpenApi();

// JWT Settings
var jwtKey = ""this_is_my_super_secret_key_12345"";
var issuer = ""DentalClinicAuth"";
var audience = ""DentalClinicServices"";

builder.Services.AddAuthentication(JwtBearerDefaults.AuthenticationScheme)
    .AddJwtBearer(options =>
    {
        options.TokenValidationParameters = new TokenValidationParameters
        {
            ValidateIssuer = true,
            ValidateAudience = true,
            ValidateIssuerSigningKey = true,
            ValidIssuer = issuer,
            ValidAudience = audience,
            IssuerSigningKey = new SymmetricSecurityKey(Encoding.UTF8.GetBytes(jwtKey))
        };
    });

builder.Services.AddAuthorization();


// ---------- APP ----------
var app = builder.Build();

app.UseAuthentication();
app.UseAuthorization();


// تأكيد إنشاء قاعدة البيانات
using (var scope = app.Services.CreateScope())
{
    var db = scope.ServiceProvider.GetRequiredService<PaymentDbContext>();
    db.Database.EnsureCreated();
}

// Middleware
if (app.Environment.IsDevelopment())
{
    app.MapOpenApi();
    app.UseSwaggerUI(options =>
    {
        options.SwaggerEndpoint(""/openapi/v1.json"", ""Payment Service API v1"");
    });
}

app.UseCloudEvents();  // ✅ دعم CloudEvents
app.MapSubscribeHandler();  // ✅ يفعّل endpoint /dapr/subscribe
app.UseHttpsRedirection();
app.MapControllers();
app.Run();
"
"PaymentService.Application","C:\Users\Amjad\source\repos\DentalClinic\Payment\PaymentService.Application\Interfaces\IPaymentRepository.cs","IPaymentRepository.cs",".cs","using PaymentService.Domain.Entities;

namespace PaymentService.Application.Interfaces;

public interface IPaymentRepository
{
    Task<Payment?> GetByIdAsync(Guid id, CancellationToken cancellationToken = default);
    Task AddAsync(Payment payment, CancellationToken cancellationToken = default);
    Task UpdateAsync(Payment payment, CancellationToken cancellationToken = default);
}
"
"Debug","C:\Users\Amjad\source\repos\DentalClinic\Payment\PaymentService.Application\obj\Debug\net10.0\.NETCoreApp,Version=v10.0.AssemblyAttributes.cs",".NETCoreApp,Version=v10.0.AssemblyAttributes.cs",".cs","// <autogenerated />
using System;
using System.Reflection;
[assembly: global::System.Runtime.Versioning.TargetFrameworkAttribute("".NETCoreApp,Version=v10.0"", FrameworkDisplayName = "".NET 10.0"")]
"
"Debug","C:\Users\Amjad\source\repos\DentalClinic\Payment\PaymentService.Application\obj\Debug\net10.0\PaymentService.Application.AssemblyInfo.cs","PaymentService.Application.AssemblyInfo.cs",".cs","//------------------------------------------------------------------------------
// <auto-generated>
//     This code was generated by a tool.
//     Runtime Version:4.0.30319.42000
//
//     Changes to this file may cause incorrect behavior and will be lost if
//     the code is regenerated.
// </auto-generated>
//------------------------------------------------------------------------------

using System;
using System.Reflection;

[assembly: System.Reflection.AssemblyCompanyAttribute(""PaymentService.Application"")]
[assembly: System.Reflection.AssemblyConfigurationAttribute(""Debug"")]
[assembly: System.Reflection.AssemblyFileVersionAttribute(""1.0.0.0"")]
[assembly: System.Reflection.AssemblyInformationalVersionAttribute(""1.0.0"")]
[assembly: System.Reflection.AssemblyProductAttribute(""PaymentService.Application"")]
[assembly: System.Reflection.AssemblyTitleAttribute(""PaymentService.Application"")]
[assembly: System.Reflection.AssemblyVersionAttribute(""1.0.0.0"")]

// Generated by the MSBuild WriteCodeFragment class.

"
"Debug","C:\Users\Amjad\source\repos\DentalClinic\Payment\PaymentService.Application\obj\Debug\net10.0\PaymentService.Application.GlobalUsings.g.cs","PaymentService.Application.GlobalUsings.g.cs",".cs","// <auto-generated/>
global using System;
global using System.Collections.Generic;
global using System.IO;
global using System.Linq;
global using System.Net.Http;
global using System.Threading;
global using System.Threading.Tasks;
"
"Payment","C:\Users\Amjad\source\repos\DentalClinic\Payment\PaymentService.Application\PaymentApplicationService.cs","PaymentApplicationService.cs",".cs","using PaymentService.Application.Interfaces;
using PaymentService.Domain.Entities;
using PaymentService.Domain.ValueObjects;
using DentalClinic.SharedKernel.DomainEvents;

namespace PaymentService.Application;

public class PaymentApplicationService
{
    private readonly IPaymentRepository _repository;

    public PaymentApplicationService(IPaymentRepository repository)
    {
        _repository = repository;
    }

    public async Task HandleAppointmentConfirmed(AppointmentConfirmedEvent evt)
    {
        var payment = new Payment(
            Guid.NewGuid(),
            evt.AppointmentId,
            new Money(500, ""DKK"") // مبلغ افتراضي مؤقت
        );

        await _repository.AddAsync(payment);

        Console.WriteLine($""💰 Payment created for appointment {evt.AppointmentId}"");
    }

    public async Task HandleCreate(Guid paymentId, Guid appointmentId, decimal totalAmount)
    {
        var payment = new Payment(paymentId, appointmentId, new Money(totalAmount));
        await _repository.AddAsync(payment);
    }

    public async Task HandleAuthorize(Guid paymentId)
    {
        var payment = await _repository.GetByIdAsync(paymentId)
            ?? throw new InvalidOperationException(""Payment not found."");

        payment.Authorize();
        await _repository.UpdateAsync(payment);
    }

    public async Task HandleCapture(Guid paymentId)
    {
        var payment = await _repository.GetByIdAsync(paymentId)
            ?? throw new InvalidOperationException(""Payment not found."");

        payment.Capture();
        await _repository.UpdateAsync(payment);
    }

    public async Task HandleRefund(Guid paymentId)
    {
        var payment = await _repository.GetByIdAsync(paymentId)
            ?? throw new InvalidOperationException(""Payment not found."");

        payment.Refund();
        await _repository.UpdateAsync(payment);
    }
}
"
"Payment","C:\Users\Amjad\source\repos\DentalClinic\Payment\PaymentService.Application\PaymentService.Application.csproj","PaymentService.Application.csproj",".csproj","<Project Sdk=""Microsoft.NET.Sdk"">

	<PropertyGroup>
		<TargetFramework>net10.0</TargetFramework>
		<ImplicitUsings>enable</ImplicitUsings>
		<Nullable>enable</Nullable>
	</PropertyGroup>

	<ItemGroup>
		<ProjectReference Include=""..\..\shared\DentalClinic.SharedKernel\DentalClinic.SharedKernel.csproj"" />
		<ProjectReference Include=""..\PaymentService.Domain\PaymentService.Domain.csproj"" />
	</ItemGroup>

</Project>
"
"PaymentService.Domain","C:\Users\Amjad\source\repos\DentalClinic\Payment\PaymentService.Domain\Entities\Payment.cs","Payment.cs",".cs","using DentalClinic.SharedKernel;
using PaymentService.Domain.ValueObjects;

namespace PaymentService.Domain.Entities;

public enum PaymentStatus
{
    Pending,
    Authorized,
    Captured,
    Failed,
    Refunded
}

public sealed class Payment : AggregateRoot
{
    public Guid AppointmentId { get; init; }
    public Money Total { get; private set; }
    public PaymentStatus Status { get; private set; } = PaymentStatus.Pending;

    // ✅ Constructor المستخدم في الكود العادي
    public Payment(Guid id, Guid appointmentId, Money total)
        : base(id)
    {
        AppointmentId = appointmentId;
        Total = total;
    }

    // ✅ Constructor فارغ خاص بـ EF Core
    private Payment() : base(Guid.Empty) { }

    public void Authorize()
    {
        if (Status != PaymentStatus.Pending)
            throw new InvalidOperationException(""Only pending payments can be authorized."");
        Status = PaymentStatus.Authorized;
    }

    public void Capture()
    {
        if (Status != PaymentStatus.Authorized)
            throw new InvalidOperationException(""Only authorized payments can be captured."");
        Status = PaymentStatus.Captured;
    }

    public void Fail() => Status = PaymentStatus.Failed;

    public void Refund()
    {
        if (Status != PaymentStatus.Captured)
            throw new InvalidOperationException(""Only captured payments can be refunded."");
        Status = PaymentStatus.Refunded;
    }
}
"
"Debug","C:\Users\Amjad\source\repos\DentalClinic\Payment\PaymentService.Domain\obj\Debug\net10.0\.NETCoreApp,Version=v10.0.AssemblyAttributes.cs",".NETCoreApp,Version=v10.0.AssemblyAttributes.cs",".cs","// <autogenerated />
using System;
using System.Reflection;
[assembly: global::System.Runtime.Versioning.TargetFrameworkAttribute("".NETCoreApp,Version=v10.0"", FrameworkDisplayName = "".NET 10.0"")]
"
"Debug","C:\Users\Amjad\source\repos\DentalClinic\Payment\PaymentService.Domain\obj\Debug\net10.0\PaymentService.Domain.AssemblyInfo.cs","PaymentService.Domain.AssemblyInfo.cs",".cs","//------------------------------------------------------------------------------
// <auto-generated>
//     This code was generated by a tool.
//     Runtime Version:4.0.30319.42000
//
//     Changes to this file may cause incorrect behavior and will be lost if
//     the code is regenerated.
// </auto-generated>
//------------------------------------------------------------------------------

using System;
using System.Reflection;

[assembly: System.Reflection.AssemblyCompanyAttribute(""PaymentService.Domain"")]
[assembly: System.Reflection.AssemblyConfigurationAttribute(""Debug"")]
[assembly: System.Reflection.AssemblyFileVersionAttribute(""1.0.0.0"")]
[assembly: System.Reflection.AssemblyInformationalVersionAttribute(""1.0.0"")]
[assembly: System.Reflection.AssemblyProductAttribute(""PaymentService.Domain"")]
[assembly: System.Reflection.AssemblyTitleAttribute(""PaymentService.Domain"")]
[assembly: System.Reflection.AssemblyVersionAttribute(""1.0.0.0"")]

// Generated by the MSBuild WriteCodeFragment class.

"
"Debug","C:\Users\Amjad\source\repos\DentalClinic\Payment\PaymentService.Domain\obj\Debug\net10.0\PaymentService.Domain.GlobalUsings.g.cs","PaymentService.Domain.GlobalUsings.g.cs",".cs","// <auto-generated/>
global using System;
global using System.Collections.Generic;
global using System.IO;
global using System.Linq;
global using System.Net.Http;
global using System.Threading;
global using System.Threading.Tasks;
"
"PaymentService.Domain","C:\Users\Amjad\source\repos\DentalClinic\Payment\PaymentService.Domain\ValueObjects\Money.cs","Money.cs",".cs","namespace PaymentService.Domain.ValueObjects;

public sealed record Money
{
    public decimal Amount { get; init; }
    public string Currency { get; init; }

    public Money(decimal amount, string currency = ""DKK"")
    {
        if (amount < 0)
            throw new ArgumentOutOfRangeException(nameof(amount), ""Amount cannot be negative."");

        Amount = amount;
        Currency = currency;
    }

    // السماح بالتحويل الضمني من decimal إلى Money
    public static implicit operator Money(decimal value) => new(value);
}
"
"Payment","C:\Users\Amjad\source\repos\DentalClinic\Payment\PaymentService.Domain\PaymentService.Domain.csproj","PaymentService.Domain.csproj",".csproj","<Project Sdk=""Microsoft.NET.Sdk"">

  <PropertyGroup>
    <TargetFramework>net10.0</TargetFramework>
    <ImplicitUsings>enable</ImplicitUsings>
    <Nullable>enable</Nullable>
  </PropertyGroup>

  <ItemGroup>
    <ProjectReference Include=""..\..\shared\DentalClinic.SharedKernel\DentalClinic.SharedKernel.csproj"" />
  </ItemGroup>

  <ItemGroup>
    <Folder Include=""Primitives\"" />
  </ItemGroup>

</Project>
"
"PaymentService.Infrastructure","C:\Users\Amjad\source\repos\DentalClinic\Payment\PaymentService.Infrastructure\Data\PaymentDbContext.cs","PaymentDbContext.cs",".cs","using Microsoft.EntityFrameworkCore;
using PaymentService.Domain.Entities;
using PaymentService.Domain.ValueObjects;

namespace PaymentService.Infrastructure.Data;

public class PaymentDbContext : DbContext
{
    public PaymentDbContext(DbContextOptions<PaymentDbContext> options)
        : base(options)
    {
    }

    public DbSet<Payment> Payments => Set<Payment>();

    protected override void OnModelCreating(ModelBuilder modelBuilder)
    {
        modelBuilder.Entity<Payment>(b =>
        {
            b.HasKey(p => p.Id);

            // ✅ نربط ValueObject (Money) كـ Owned type
            b.OwnsOne(p => p.Total, mv =>
            {
                mv.Property(v => v.Amount).HasColumnName(""Amount"");
                mv.Property(v => v.Currency).HasColumnName(""Currency"");
            });

            // ✅ نحول Enum إلى string في قاعدة البيانات
            b.Property(p => p.Status)
                .HasConversion<string>()
                .HasColumnName(""Status"");

            b.ToTable(""Payments"");
        });
    }
}
"
"Debug","C:\Users\Amjad\source\repos\DentalClinic\Payment\PaymentService.Infrastructure\obj\Debug\net10.0\.NETCoreApp,Version=v10.0.AssemblyAttributes.cs",".NETCoreApp,Version=v10.0.AssemblyAttributes.cs",".cs","// <autogenerated />
using System;
using System.Reflection;
[assembly: global::System.Runtime.Versioning.TargetFrameworkAttribute("".NETCoreApp,Version=v10.0"", FrameworkDisplayName = "".NET 10.0"")]
"
"Debug","C:\Users\Amjad\source\repos\DentalClinic\Payment\PaymentService.Infrastructure\obj\Debug\net10.0\PaymentService.Infrastructure.AssemblyInfo.cs","PaymentService.Infrastructure.AssemblyInfo.cs",".cs","//------------------------------------------------------------------------------
// <auto-generated>
//     This code was generated by a tool.
//     Runtime Version:4.0.30319.42000
//
//     Changes to this file may cause incorrect behavior and will be lost if
//     the code is regenerated.
// </auto-generated>
//------------------------------------------------------------------------------

using System;
using System.Reflection;

[assembly: System.Reflection.AssemblyCompanyAttribute(""PaymentService.Infrastructure"")]
[assembly: System.Reflection.AssemblyConfigurationAttribute(""Debug"")]
[assembly: System.Reflection.AssemblyFileVersionAttribute(""1.0.0.0"")]
[assembly: System.Reflection.AssemblyInformationalVersionAttribute(""1.0.0"")]
[assembly: System.Reflection.AssemblyProductAttribute(""PaymentService.Infrastructure"")]
[assembly: System.Reflection.AssemblyTitleAttribute(""PaymentService.Infrastructure"")]
[assembly: System.Reflection.AssemblyVersionAttribute(""1.0.0.0"")]

// Generated by the MSBuild WriteCodeFragment class.

"
"Debug","C:\Users\Amjad\source\repos\DentalClinic\Payment\PaymentService.Infrastructure\obj\Debug\net10.0\PaymentService.Infrastructure.GlobalUsings.g.cs","PaymentService.Infrastructure.GlobalUsings.g.cs",".cs","// <auto-generated/>
global using System;
global using System.Collections.Generic;
global using System.IO;
global using System.Linq;
global using System.Net.Http;
global using System.Threading;
global using System.Threading.Tasks;
"
"PaymentService.Infrastructure","C:\Users\Amjad\source\repos\DentalClinic\Payment\PaymentService.Infrastructure\Repositories\PaymentRepository.cs","PaymentRepository.cs",".cs","using Microsoft.EntityFrameworkCore;
using PaymentService.Application.Interfaces;
using PaymentService.Domain.Entities;
using PaymentService.Infrastructure.Data;

namespace PaymentService.Infrastructure.Repositories;

public class PaymentRepository : IPaymentRepository
{
    private readonly PaymentDbContext _context;

    public PaymentRepository(PaymentDbContext context)
    {
        _context = context;
    }

    public async Task<Payment?> GetByIdAsync(Guid id, CancellationToken cancellationToken = default)
    {
        return await _context.Payments
            .FirstOrDefaultAsync(p => p.Id == id, cancellationToken);
    }

    public async Task AddAsync(Payment payment, CancellationToken cancellationToken = default)
    {
        await _context.Payments.AddAsync(payment, cancellationToken);
        await _context.SaveChangesAsync(cancellationToken);
    }

    public async Task UpdateAsync(Payment payment, CancellationToken cancellationToken = default)
    {
        _context.Payments.Update(payment);
        await _context.SaveChangesAsync(cancellationToken);
    }
}
"
"Payment","C:\Users\Amjad\source\repos\DentalClinic\Payment\PaymentService.Infrastructure\PaymentService.Infrastructure.csproj","PaymentService.Infrastructure.csproj",".csproj","<Project Sdk=""Microsoft.NET.Sdk"">

  <ItemGroup>
    <ProjectReference Include=""..\PaymentService.Application\PaymentService.Application.csproj"" />
    <ProjectReference Include=""..\PaymentService.Domain\PaymentService.Domain.csproj"" />
  </ItemGroup>

  <ItemGroup>
    <PackageReference Include=""Microsoft.EntityFrameworkCore"" Version=""10.0.0"" />
    <PackageReference Include=""Microsoft.EntityFrameworkCore.Design"" Version=""10.0.0"">
      <IncludeAssets>runtime; build; native; contentfiles; analyzers; buildtransitive</IncludeAssets>
      <PrivateAssets>all</PrivateAssets>
    </PackageReference>
    <PackageReference Include=""Microsoft.EntityFrameworkCore.Sqlite"" Version=""10.0.0"" />
  </ItemGroup>

  <PropertyGroup>
    <TargetFramework>net10.0</TargetFramework>
    <ImplicitUsings>enable</ImplicitUsings>
    <Nullable>enable</Nullable>
  </PropertyGroup>

</Project>
"
"Debug","C:\Users\Amjad\source\repos\DentalClinic\PaymentService\bin\Debug\net10.0\appsettings.Development.json","appsettings.Development.json",".json","{
  ""Logging"": {
    ""LogLevel"": {
      ""Default"": ""Information"",
      ""Microsoft.AspNetCore"": ""Warning""
    }
  }
}
"
"Debug","C:\Users\Amjad\source\repos\DentalClinic\PaymentService\bin\Debug\net10.0\appsettings.json","appsettings.json",".json","{
  ""Logging"": {
    ""LogLevel"": {
      ""Default"": ""Information"",
      ""Microsoft.AspNetCore"": ""Warning""
    }
  },
  ""AllowedHosts"": ""*""
}
"
"Debug","C:\Users\Amjad\source\repos\DentalClinic\PaymentService\obj\Debug\net10.0\.NETCoreApp,Version=v10.0.AssemblyAttributes.cs",".NETCoreApp,Version=v10.0.AssemblyAttributes.cs",".cs","// <autogenerated />
using System;
using System.Reflection;
[assembly: global::System.Runtime.Versioning.TargetFrameworkAttribute("".NETCoreApp,Version=v10.0"", FrameworkDisplayName = "".NET 10.0"")]
"
"Debug","C:\Users\Amjad\source\repos\DentalClinic\PaymentService\obj\Debug\net10.0\PaymentService.AssemblyInfo.cs","PaymentService.AssemblyInfo.cs",".cs","//------------------------------------------------------------------------------
// <auto-generated>
//     This code was generated by a tool.
//
//     Changes to this file may cause incorrect behavior and will be lost if
//     the code is regenerated.
// </auto-generated>
//------------------------------------------------------------------------------

using System;
using System.Reflection;

[assembly: System.Reflection.AssemblyCompanyAttribute(""PaymentService"")]
[assembly: System.Reflection.AssemblyConfigurationAttribute(""Debug"")]
[assembly: System.Reflection.AssemblyFileVersionAttribute(""1.0.0.0"")]
[assembly: System.Reflection.AssemblyInformationalVersionAttribute(""1.0.0"")]
[assembly: System.Reflection.AssemblyProductAttribute(""PaymentService"")]
[assembly: System.Reflection.AssemblyTitleAttribute(""PaymentService"")]
[assembly: System.Reflection.AssemblyVersionAttribute(""1.0.0.0"")]

// Generated by the MSBuild WriteCodeFragment class.

"
"Debug","C:\Users\Amjad\source\repos\DentalClinic\PaymentService\obj\Debug\net10.0\PaymentService.GlobalUsings.g.cs","PaymentService.GlobalUsings.g.cs",".cs","// <auto-generated/>
global using Microsoft.AspNetCore.Builder;
global using Microsoft.AspNetCore.Hosting;
global using Microsoft.AspNetCore.Http;
global using Microsoft.AspNetCore.Routing;
global using Microsoft.Extensions.Configuration;
global using Microsoft.Extensions.DependencyInjection;
global using Microsoft.Extensions.Hosting;
global using Microsoft.Extensions.Logging;
global using System;
global using System.Collections.Generic;
global using System.IO;
global using System.Linq;
global using System.Net.Http;
global using System.Net.Http.Json;
global using System.Threading;
global using System.Threading.Tasks;
"
"PaymentService","C:\Users\Amjad\source\repos\DentalClinic\PaymentService\Properties\launchSettings.json","launchSettings.json",".json","{
  ""$schema"": ""https://json.schemastore.org/launchsettings.json"",
  ""profiles"": {
    ""http"": {
      ""commandName"": ""Project"",
      ""dotnetRunMessages"": true,
      ""launchBrowser"": false,
      ""applicationUrl"": ""http://localhost:5220"",
      ""environmentVariables"": {
        ""ASPNETCORE_ENVIRONMENT"": ""Development""
      }
    },
    ""https"": {
      ""commandName"": ""Project"",
      ""dotnetRunMessages"": true,
      ""launchBrowser"": false,
      ""applicationUrl"": ""https://localhost:7117;http://localhost:5220"",
      ""environmentVariables"": {
        ""ASPNETCORE_ENVIRONMENT"": ""Development""
      }
    }
  }
}
"
"DentalClinic","C:\Users\Amjad\source\repos\DentalClinic\PaymentService\appsettings.Development.json","appsettings.Development.json",".json","{
  ""Logging"": {
    ""LogLevel"": {
      ""Default"": ""Information"",
      ""Microsoft.AspNetCore"": ""Warning""
    }
  }
}
"
"DentalClinic","C:\Users\Amjad\source\repos\DentalClinic\PaymentService\appsettings.json","appsettings.json",".json","{
  ""Logging"": {
    ""LogLevel"": {
      ""Default"": ""Information"",
      ""Microsoft.AspNetCore"": ""Warning""
    }
  },
  ""AllowedHosts"": ""*""
}
"
"DentalClinic","C:\Users\Amjad\source\repos\DentalClinic\PaymentService\PaymentService.csproj","PaymentService.csproj",".csproj","<Project Sdk=""Microsoft.NET.Sdk.Web"">

  <PropertyGroup>
    <TargetFramework>net10.0</TargetFramework>
    <Nullable>enable</Nullable>
    <ImplicitUsings>enable</ImplicitUsings>
  </PropertyGroup>

  <ItemGroup>
    <ProjectReference Include=""..\DentalClinic.ServiceDefaults\DentalClinic.ServiceDefaults.csproj"" />
  </ItemGroup>

</Project>
"
"DentalClinic","C:\Users\Amjad\source\repos\DentalClinic\PaymentService\Program.cs","Program.cs",".cs","var builder = WebApplication.CreateBuilder(args);

builder.AddServiceDefaults(); // Aspire telemetry, health, service discovery

var app = builder.Build();

// 💳 الدفع ناجح إذا المبلغ أقل من 1000 كرونة مثلاً
app.MapPost(""/charge"", (PaymentRequest input, ILogger<Program> logger) =>
{
    var ok = input.Amount <= 1000m;
    logger.LogInformation(""Charging {Amount:C} for {PatientName}: {Result}"",
        input.Amount, input.PatientName, ok ? ""APPROVED"" : ""DECLINED"");

    return Results.Ok(new PaymentResult(
        ok,
        ok ? ""Payment processed successfully"" : ""Payment declined - limit exceeded""
    ));
});

app.MapDefaultEndpoints();
app.Run();

internal record PaymentRequest(string PatientName, decimal Amount);

internal record PaymentResult(bool Success, string Message);
"
"Debug","C:\Users\Amjad\source\repos\DentalClinic\services\Booking\BookingService.Domain.Tests\obj\Debug\net10.0\.NETCoreApp,Version=v10.0.AssemblyAttributes.cs",".NETCoreApp,Version=v10.0.AssemblyAttributes.cs",".cs","// <autogenerated />
using System;
using System.Reflection;
[assembly: global::System.Runtime.Versioning.TargetFrameworkAttribute("".NETCoreApp,Version=v10.0"", FrameworkDisplayName = "".NET 10.0"")]
"
"Debug","C:\Users\Amjad\source\repos\DentalClinic\services\Booking\BookingService.Domain.Tests\obj\Debug\net10.0\BookingService.Domain.Tests.AssemblyInfo.cs","BookingService.Domain.Tests.AssemblyInfo.cs",".cs","//------------------------------------------------------------------------------
// <auto-generated>
//     This code was generated by a tool.
//     Runtime Version:4.0.30319.42000
//
//     Changes to this file may cause incorrect behavior and will be lost if
//     the code is regenerated.
// </auto-generated>
//------------------------------------------------------------------------------

using System;
using System.Reflection;

[assembly: System.Reflection.AssemblyCompanyAttribute(""BookingService.Domain.Tests"")]
[assembly: System.Reflection.AssemblyConfigurationAttribute(""Debug"")]
[assembly: System.Reflection.AssemblyFileVersionAttribute(""1.0.0.0"")]
[assembly: System.Reflection.AssemblyInformationalVersionAttribute(""1.0.0"")]
[assembly: System.Reflection.AssemblyProductAttribute(""BookingService.Domain.Tests"")]
[assembly: System.Reflection.AssemblyTitleAttribute(""BookingService.Domain.Tests"")]
[assembly: System.Reflection.AssemblyVersionAttribute(""1.0.0.0"")]

// Generated by the MSBuild WriteCodeFragment class.

"
"Debug","C:\Users\Amjad\source\repos\DentalClinic\services\Booking\BookingService.Domain.Tests\obj\Debug\net10.0\BookingService.Domain.Tests.GlobalUsings.g.cs","BookingService.Domain.Tests.GlobalUsings.g.cs",".cs","// <auto-generated/>
global using System;
global using System.Collections.Generic;
global using System.IO;
global using System.Linq;
global using System.Net.Http;
global using System.Threading;
global using System.Threading.Tasks;
global using Xunit;
"
"Booking","C:\Users\Amjad\source\repos\DentalClinic\services\Booking\BookingService.Domain.Tests\BookingService.Domain.Tests.csproj","BookingService.Domain.Tests.csproj",".csproj","<Project Sdk=""Microsoft.NET.Sdk"">

  <PropertyGroup>
    <TargetFramework>net10.0</TargetFramework>
    <ImplicitUsings>enable</ImplicitUsings>
    <Nullable>enable</Nullable>
    <IsPackable>false</IsPackable>
  </PropertyGroup>

  <ItemGroup>
    <PackageReference Include=""coverlet.collector"" Version=""6.0.4"" />
    <PackageReference Include=""Microsoft.NET.Test.Sdk"" Version=""18.0.1"" />
    <PackageReference Include=""xunit"" Version=""2.9.3"" />
    <PackageReference Include=""xunit.runner.visualstudio"" Version=""3.1.5"">
      <PrivateAssets>all</PrivateAssets>
      <IncludeAssets>runtime; build; native; contentfiles; analyzers; buildtransitive</IncludeAssets>
    </PackageReference>
  </ItemGroup>

  <ItemGroup>
    <ProjectReference Include=""..\..\..\Booking\BookingService.Domain\BookingService.Domain.csproj"" />
  </ItemGroup>

  <ItemGroup>
    <Using Include=""Xunit"" />
  </ItemGroup>

</Project>"
"Booking","C:\Users\Amjad\source\repos\DentalClinic\services\Booking\BookingService.Domain.Tests\UnitTest1.cs","UnitTest1.cs",".cs","using BookingService.Domain.Entities;
using BookingService.Domain.ValueObjects;
using Xunit;

namespace BookingService.Domain.Tests;

public class AppointmentTests
{
    [Fact]
    public void Appointments_with_same_id_should_be_equal()
    {
        // Arrange
        var id = Guid.NewGuid();
        var patientId = new PatientId(Guid.NewGuid());
        var dentistId = new DentistId(Guid.NewGuid());
        var slot = new TimeSlot(DateTime.UtcNow.AddHours(1), DateTime.UtcNow.AddHours(2));

        var a1 = new Appointment(id, patientId, dentistId, slot);
        var a2 = new Appointment(id, patientId, dentistId, slot);

        // Act + Assert
        Assert.True(a1.Equals(a2));
        Assert.True(a1 == a2);
    }

    [Fact]
    public void Confirm_flow_should_change_status_correctly()
    {
        var appointment = new Appointment(
            Guid.NewGuid(),
            new PatientId(Guid.NewGuid()),
            new DentistId(Guid.NewGuid()),
            new TimeSlot(DateTime.UtcNow.AddHours(1), DateTime.UtcNow.AddHours(2)));

        appointment.Confirm();
        appointment.Complete();

        Assert.Equal(AppointmentStatus.Completed, appointment.Status);
    }

    [Fact]
    public void TimeSlot_should_throw_if_end_before_start()
    {
        var start = DateTime.UtcNow.AddHours(2);
        var end = DateTime.UtcNow.AddHours(1);

        Assert.Throws<ArgumentException>(() => new TimeSlot(start, end));
    }
}"
"Debug","C:\Users\Amjad\source\repos\DentalClinic\services\Payment\PaymentService.Domain.Tests\obj\Debug\net10.0\.NETCoreApp,Version=v10.0.AssemblyAttributes.cs",".NETCoreApp,Version=v10.0.AssemblyAttributes.cs",".cs","// <autogenerated />
using System;
using System.Reflection;
[assembly: global::System.Runtime.Versioning.TargetFrameworkAttribute("".NETCoreApp,Version=v10.0"", FrameworkDisplayName = "".NET 10.0"")]
"
"Debug","C:\Users\Amjad\source\repos\DentalClinic\services\Payment\PaymentService.Domain.Tests\obj\Debug\net10.0\PaymentService.Domain.Tests.AssemblyInfo.cs","PaymentService.Domain.Tests.AssemblyInfo.cs",".cs","//------------------------------------------------------------------------------
// <auto-generated>
//     This code was generated by a tool.
//     Runtime Version:4.0.30319.42000
//
//     Changes to this file may cause incorrect behavior and will be lost if
//     the code is regenerated.
// </auto-generated>
//------------------------------------------------------------------------------

using System;
using System.Reflection;

[assembly: System.Reflection.AssemblyCompanyAttribute(""PaymentService.Domain.Tests"")]
[assembly: System.Reflection.AssemblyConfigurationAttribute(""Debug"")]
[assembly: System.Reflection.AssemblyFileVersionAttribute(""1.0.0.0"")]
[assembly: System.Reflection.AssemblyInformationalVersionAttribute(""1.0.0"")]
[assembly: System.Reflection.AssemblyProductAttribute(""PaymentService.Domain.Tests"")]
[assembly: System.Reflection.AssemblyTitleAttribute(""PaymentService.Domain.Tests"")]
[assembly: System.Reflection.AssemblyVersionAttribute(""1.0.0.0"")]

// Generated by the MSBuild WriteCodeFragment class.

"
"Debug","C:\Users\Amjad\source\repos\DentalClinic\services\Payment\PaymentService.Domain.Tests\obj\Debug\net10.0\PaymentService.Domain.Tests.GlobalUsings.g.cs","PaymentService.Domain.Tests.GlobalUsings.g.cs",".cs","// <auto-generated/>
global using System;
global using System.Collections.Generic;
global using System.IO;
global using System.Linq;
global using System.Net.Http;
global using System.Threading;
global using System.Threading.Tasks;
global using Xunit;
"
"Payment","C:\Users\Amjad\source\repos\DentalClinic\services\Payment\PaymentService.Domain.Tests\PaymentService.Domain.Tests.csproj","PaymentService.Domain.Tests.csproj",".csproj","<Project Sdk=""Microsoft.NET.Sdk"">

  <PropertyGroup>
    <TargetFramework>net10.0</TargetFramework>
    <ImplicitUsings>enable</ImplicitUsings>
    <Nullable>enable</Nullable>
    <IsPackable>false</IsPackable>
  </PropertyGroup>

  <ItemGroup>
    <PackageReference Include=""coverlet.collector"" Version=""6.0.4"" />
    <PackageReference Include=""Microsoft.NET.Test.Sdk"" Version=""18.0.1"" />
    <PackageReference Include=""xunit"" Version=""2.9.3"" />
    <PackageReference Include=""xunit.runner.visualstudio"" Version=""3.1.5"">
      <PrivateAssets>all</PrivateAssets>
      <IncludeAssets>runtime; build; native; contentfiles; analyzers; buildtransitive</IncludeAssets>
    </PackageReference>
  </ItemGroup>

  <ItemGroup>
    <ProjectReference Include=""..\..\..\Payment\PaymentService.Domain\PaymentService.Domain.csproj"" />
  </ItemGroup>

  <ItemGroup>
    <Using Include=""Xunit"" />
  </ItemGroup>

</Project>"
"Payment","C:\Users\Amjad\source\repos\DentalClinic\services\Payment\PaymentService.Domain.Tests\UnitTest1.cs","UnitTest1.cs",".cs","using PaymentService.Domain.Entities;
using PaymentService.Domain.ValueObjects;
using Xunit;

namespace PaymentService.Domain.Tests;

public class PaymentTests
{
    [Fact]
    public void Payments_with_same_id_should_be_equal()
    {
        var id = Guid.NewGuid();
        var p1 = new Payment(id, Guid.NewGuid(), 200m);
        var p2 = new Payment(id, Guid.NewGuid(), 200m);
        Assert.True(p1 == p2);
    }

    [Fact]
    public void Money_should_reject_negative_amount()
    {
        Assert.Throws<ArgumentOutOfRangeException>(() => new Money(-50));
    }

    [Fact]
    public void Payment_should_follow_authorize_then_capture_flow()
    {
        var payment = new Payment(Guid.NewGuid(), Guid.NewGuid(), 300m);
        payment.Authorize();
        payment.Capture();

        Assert.Equal(PaymentStatus.Captured, payment.Status);
    }
}
"
"DentalClinic.SharedKernel","C:\Users\Amjad\source\repos\DentalClinic\shared\DentalClinic.SharedKernel\DomainEvents\AppointmentConfirmedEvent.cs","AppointmentConfirmedEvent.cs",".cs","namespace DentalClinic.SharedKernel.DomainEvents;

public record AppointmentConfirmedEvent(Guid AppointmentId, Guid PatientId);
"
"DentalClinic.SharedKernel","C:\Users\Amjad\source\repos\DentalClinic\shared\DentalClinic.SharedKernel\DomainEvents\DomainEventDispatcher.cs","DomainEventDispatcher.cs",".cs","namespace DentalClinic.SharedKernel.DomainEvents;

public static class DomainEventDispatcher
{
    private static readonly Dictionary<Type, List<Delegate>> _handlers = new();

    public static void Subscribe<T>(Action<T> handler) where T : IDomainEvent
    {
        var type = typeof(T);
        if (!_handlers.ContainsKey(type))
            _handlers[type] = new List<Delegate>();

        _handlers[type].Add(handler);
    }

    public static void Publish<T>(T domainEvent) where T : IDomainEvent
    {
        var type = typeof(T);
        if (_handlers.ContainsKey(type))
        {
            foreach (var handler in _handlers[type].Cast<Action<T>>())
                handler(domainEvent);
        }
    }
}
"
"DentalClinic.SharedKernel","C:\Users\Amjad\source\repos\DentalClinic\shared\DentalClinic.SharedKernel\DomainEvents\DomainEvents.cs","DomainEvents.cs",".cs","using System;
using System.Collections.Generic;
using System.Text;

namespace DentalClinic.SharedKernel.DomainEvents
{
    public static class DomainEvents
    {

    }
}
"
"DentalClinic.SharedKernel","C:\Users\Amjad\source\repos\DentalClinic\shared\DentalClinic.SharedKernel\DomainEvents\IDomainEvent.cs","IDomainEvent.cs",".cs","using System;
using System.Collections.Generic;
using System.Text;

namespace DentalClinic.SharedKernel.DomainEvents
{
    public interface IDomainEvent { }
}
"
"Debug","C:\Users\Amjad\source\repos\DentalClinic\shared\DentalClinic.SharedKernel\obj\Debug\net10.0\.NETCoreApp,Version=v10.0.AssemblyAttributes.cs",".NETCoreApp,Version=v10.0.AssemblyAttributes.cs",".cs","// <autogenerated />
using System;
using System.Reflection;
[assembly: global::System.Runtime.Versioning.TargetFrameworkAttribute("".NETCoreApp,Version=v10.0"", FrameworkDisplayName = "".NET 10.0"")]
"
"Debug","C:\Users\Amjad\source\repos\DentalClinic\shared\DentalClinic.SharedKernel\obj\Debug\net10.0\DentalClinic.SharedKernel.AssemblyInfo.cs","DentalClinic.SharedKernel.AssemblyInfo.cs",".cs","//------------------------------------------------------------------------------
// <auto-generated>
//     This code was generated by a tool.
//     Runtime Version:4.0.30319.42000
//
//     Changes to this file may cause incorrect behavior and will be lost if
//     the code is regenerated.
// </auto-generated>
//------------------------------------------------------------------------------

using System;
using System.Reflection;

[assembly: System.Reflection.AssemblyCompanyAttribute(""DentalClinic.SharedKernel"")]
[assembly: System.Reflection.AssemblyConfigurationAttribute(""Debug"")]
[assembly: System.Reflection.AssemblyFileVersionAttribute(""1.0.0.0"")]
[assembly: System.Reflection.AssemblyInformationalVersionAttribute(""1.0.0"")]
[assembly: System.Reflection.AssemblyProductAttribute(""DentalClinic.SharedKernel"")]
[assembly: System.Reflection.AssemblyTitleAttribute(""DentalClinic.SharedKernel"")]
[assembly: System.Reflection.AssemblyVersionAttribute(""1.0.0.0"")]

// Generated by the MSBuild WriteCodeFragment class.

"
"Debug","C:\Users\Amjad\source\repos\DentalClinic\shared\DentalClinic.SharedKernel\obj\Debug\net10.0\DentalClinic.SharedKernel.GlobalUsings.g.cs","DentalClinic.SharedKernel.GlobalUsings.g.cs",".cs","// <auto-generated/>
global using System;
global using System.Collections.Generic;
global using System.IO;
global using System.Linq;
global using System.Net.Http;
global using System.Threading;
global using System.Threading.Tasks;
"
"shared","C:\Users\Amjad\source\repos\DentalClinic\shared\DentalClinic.SharedKernel\AggregateRoot.cs","AggregateRoot.cs",".cs","using System;
using System.Collections.Generic;
using System.Text;

namespace DentalClinic.SharedKernel
{
    public abstract class AggregateRoot : Entity
    {
        protected AggregateRoot(Guid id) : base(id) { }
    }
}
"
"shared","C:\Users\Amjad\source\repos\DentalClinic\shared\DentalClinic.SharedKernel\DentalClinic.SharedKernel.csproj","DentalClinic.SharedKernel.csproj",".csproj","<Project Sdk=""Microsoft.NET.Sdk"">

  <PropertyGroup>
    <TargetFramework>net10.0</TargetFramework>
    <ImplicitUsings>enable</ImplicitUsings>
    <Nullable>enable</Nullable>
  </PropertyGroup>

</Project>
"
"shared","C:\Users\Amjad\source\repos\DentalClinic\shared\DentalClinic.SharedKernel\Entity.cs","Entity.cs",".cs","namespace DentalClinic.SharedKernel;

public abstract class Entity : IEquatable<Entity>
{
    public Guid Id { get; init; }

    protected Entity(Guid id)
    {
        Id = id;
    }

    public bool Equals(Entity? other) => other is not null && other.Id == Id;
    public override bool Equals(object? obj) => obj is Entity other && Equals(other);
    public override int GetHashCode() => Id.GetHashCode();

    public static bool operator ==(Entity? left, Entity? right) => Equals(left, right);
    public static bool operator !=(Entity? left, Entity? right) => !Equals(left, right);
}
"
